date,keyword,frequency
2016-06-01,brexiteer,88
2016-06-02,brexiteer,78
2016-06-03,brexiteer,70
2016-06-04,brexiteer,78
2016-06-05,brexiteer,74
2016-06-06,brexiteer,52
2016-06-07,brexiteer,64
2016-06-08,brexiteer,80
2016-06-09,brexiteer,71
2016-06-10,brexiteer,56
2016-06-11,brexiteer,62
2016-06-12,brexiteer,57
2016-06-13,brexiteer,59
2016-06-14,brexiteer,73
2016-06-15,brexiteer,49
2016-06-16,brexiteer,44
2016-06-17,brexiteer,47
2016-06-18,brexiteer,50
2016-06-19,brexiteer,48
2016-06-20,brexiteer,60
2016-06-21,brexiteer,55
2016-06-22,brexiteer,49
2016-06-23,brexiteer,47
2016-06-24,brexiteer,48
2016-06-25,brexiteer,41
2016-06-26,brexiteer,34
2016-06-27,brexiteer,44
2016-06-28,brexiteer,57
2016-06-29,brexiteer,53
2016-06-30,brexiteer,51
2016-07-01,brexiteer,55
2016-07-02,brexiteer,59
2016-07-03,brexiteer,42
2016-07-04,brexiteer,46
2016-07-05,brexiteer,51
2016-07-06,brexiteer,73
2016-07-07,brexiteer,70
2016-07-08,brexiteer,49
2016-07-09,brexiteer,51
2016-07-10,brexiteer,60
2016-07-11,brexiteer,60
2016-07-12,brexiteer,66
2016-07-13,brexiteer,68
2016-07-14,brexiteer,90
2016-07-15,brexiteer,88
2016-07-16,brexiteer,55
2016-07-17,brexiteer,83
2016-07-18,brexiteer,82
2016-07-19,brexiteer,61
2016-07-20,brexiteer,75
2016-07-21,brexiteer,63
2016-07-22,brexiteer,95
2016-07-23,brexiteer,59
2016-07-24,brexiteer,74
2016-07-25,brexiteer,74
2016-07-26,brexiteer,66
2016-07-27,brexiteer,68
2016-07-28,brexiteer,50
2016-07-29,brexiteer,65
2016-07-30,brexiteer,40
2016-07-31,brexiteer,39
2016-08-01,brexiteer,58
2016-08-02,brexiteer,49
2016-08-03,brexiteer,59
2016-08-04,brexiteer,90
2016-08-05,brexiteer,74
2016-08-06,brexiteer,67
2016-08-07,brexiteer,61
2016-08-08,brexiteer,55
2016-08-09,brexiteer,54
2016-08-10,brexiteer,74
2016-08-11,brexiteer,79
2016-08-12,brexiteer,78
2016-08-13,brexiteer,87
2016-08-14,brexiteer,80
2016-08-15,brexiteer,76
2016-08-16,brexiteer,76
2016-08-17,brexiteer,54
2016-08-18,brexiteer,58
2016-08-19,brexiteer,46
2016-08-20,brexiteer,64
2016-08-21,brexiteer,43
2016-08-22,brexiteer,52
2016-08-23,brexiteer,64
2016-08-24,brexiteer,52
2016-08-25,brexiteer,78
2016-08-26,brexiteer,74
2016-08-27,brexiteer,53
2016-08-28,brexiteer,63
2016-08-29,brexiteer,40
2016-08-30,brexiteer,62
2016-08-31,brexiteer,60
2016-09-01,brexiteer,53
2016-09-02,brexiteer,52
2016-09-03,brexiteer,53
2016-09-04,brexiteer,76
2016-09-05,brexiteer,86
2016-09-06,brexiteer,38
2016-09-07,brexiteer,84
2016-09-08,brexiteer,80
2016-09-09,brexiteer,71
2016-09-10,brexiteer,83
2016-09-11,brexiteer,45
2016-09-12,brexiteer,48
2016-09-13,brexiteer,85
2016-09-14,brexiteer,64
2016-09-15,brexiteer,63
2016-09-16,brexiteer,66
2016-09-17,brexiteer,62
2016-09-18,brexiteer,60
2016-09-19,brexiteer,82
2016-09-20,brexiteer,71
2016-09-21,brexiteer,59
2016-09-22,brexiteer,41
2016-09-23,brexiteer,59
2016-09-24,brexiteer,55
2016-09-25,brexiteer,70
2016-09-26,brexiteer,66
2016-09-27,brexiteer,78
2016-09-28,brexiteer,67
2016-09-29,brexiteer,75
2016-09-30,brexiteer,79
2016-10-01,brexiteer,78
2016-10-02,brexiteer,87
2016-10-03,brexiteer,90
2016-10-04,brexiteer,84
2016-10-05,brexiteer,72
2016-10-06,brexiteer,49
2016-10-07,brexiteer,58
2016-10-08,brexiteer,62
2016-10-09,brexiteer,81
2016-10-10,brexiteer,55
2016-10-11,brexiteer,60
2016-10-12,brexiteer,61
2016-10-13,brexiteer,71
2016-10-14,brexiteer,80
2016-10-15,brexiteer,65
2016-10-16,brexiteer,74
2016-10-17,brexiteer,46
2016-10-18,brexiteer,45
2016-10-19,brexiteer,44
2016-10-20,brexiteer,67
2016-10-21,brexiteer,60
2016-10-22,brexiteer,67
2016-10-23,brexiteer,68
2016-10-24,brexiteer,69
2016-10-25,brexiteer,73
2016-10-26,brexiteer,63
2016-10-27,brexiteer,53
2016-10-28,brexiteer,43
2016-10-29,brexiteer,68
2016-10-30,brexiteer,94
2016-10-31,brexiteer,69
2016-11-01,brexiteer,63
2016-11-02,brexiteer,80
2016-11-03,brexiteer,55
2016-11-04,brexiteer,69
2016-11-05,brexiteer,61
2016-11-06,brexiteer,50
2016-11-07,brexiteer,50
2016-11-08,brexiteer,76
2016-11-09,brexiteer,68
2016-11-10,brexiteer,59
2016-11-11,brexiteer,72
2016-11-12,brexiteer,65
2016-11-13,brexiteer,81
2016-11-14,brexiteer,61
2016-11-15,brexiteer,79
2016-11-16,brexiteer,72
2016-11-17,brexiteer,86
2016-11-18,brexiteer,60
2016-11-19,brexiteer,77
2016-11-20,brexiteer,65
2016-11-21,brexiteer,48
2016-11-22,brexiteer,51
2016-11-23,brexiteer,66
2016-11-24,brexiteer,85
2016-11-25,brexiteer,60
2016-11-26,brexiteer,46
2016-11-27,brexiteer,42
2016-11-28,brexiteer,41
2016-11-29,brexiteer,73
2016-11-30,brexiteer,76
2016-12-01,brexiteer,54
2016-12-02,brexiteer,45
2016-12-03,brexiteer,51
2016-12-04,brexiteer,36
2016-12-05,brexiteer,50
2016-12-06,brexiteer,48
2016-12-07,brexiteer,48
2016-12-08,brexiteer,44
2016-12-09,brexiteer,46
2016-12-10,brexiteer,37
2016-12-11,brexiteer,35
2016-12-12,brexiteer,50
2016-12-13,brexiteer,58
2016-12-14,brexiteer,34
2016-12-15,brexiteer,63
2016-12-16,brexiteer,56
2016-12-17,brexiteer,64
2016-12-18,brexiteer,73
2016-12-19,brexiteer,59
2016-12-20,brexiteer,52
2016-12-21,brexiteer,52
2016-12-22,brexiteer,73
2016-12-23,brexiteer,47
2016-12-24,brexiteer,58
2016-12-25,brexiteer,80
2016-12-26,brexiteer,89
2016-12-27,brexiteer,71
2016-12-28,brexiteer,80
2016-12-29,brexiteer,62
2016-12-30,brexiteer,34
2016-12-31,brexiteer,51
2017-01-01,brexiteer,23
2017-01-02,brexiteer,34
2017-01-03,brexiteer,65
2017-01-04,brexiteer,77
2017-01-05,brexiteer,60
2017-01-06,brexiteer,48
2017-01-07,brexiteer,49
2017-01-08,brexiteer,68
2017-01-09,brexiteer,62
2017-01-10,brexiteer,57
2017-01-11,brexiteer,48
2017-01-12,brexiteer,49
2017-01-13,brexiteer,67
2017-01-14,brexiteer,34
2017-01-15,brexiteer,51
2017-01-16,brexiteer,63
2017-01-17,brexiteer,59
2017-01-18,brexiteer,53
2017-01-19,brexiteer,66
2017-01-20,brexiteer,67
2017-01-21,brexiteer,93
2017-01-22,brexiteer,84
2017-01-23,brexiteer,66
2017-01-24,brexiteer,56
2017-01-25,brexiteer,55
2017-01-26,brexiteer,52
2017-01-27,brexiteer,57
2017-01-28,brexiteer,68
2017-01-29,brexiteer,67
2017-01-30,brexiteer,83
2017-01-31,brexiteer,51
2017-02-01,brexiteer,48
2017-02-02,brexiteer,53
2017-02-03,brexiteer,38
2017-02-04,brexiteer,61
2017-02-05,brexiteer,91
2017-02-06,brexiteer,94
2017-02-07,brexiteer,77
2017-02-08,brexiteer,67
2017-02-09,brexiteer,67
2017-02-10,brexiteer,61
2017-02-11,brexiteer,70
2017-02-12,brexiteer,51
2017-02-13,brexiteer,56
2017-02-14,brexiteer,58
2017-02-15,brexiteer,71
2017-02-16,brexiteer,70
2017-02-17,brexiteer,23
2017-02-18,brexiteer,53
2017-02-19,brexiteer,44
2017-02-20,brexiteer,60
2017-02-21,brexiteer,60
2017-02-22,brexiteer,63
2017-02-23,brexiteer,76
2017-02-24,brexiteer,53
2017-02-25,brexiteer,60
2017-02-26,brexiteer,83
2017-02-27,brexiteer,79
2017-02-28,brexiteer,71
2017-03-01,brexiteer,79
2017-03-02,brexiteer,65
2017-03-03,brexiteer,43
2017-03-04,brexiteer,68
2017-03-05,brexiteer,71
2017-03-06,brexiteer,72
2017-03-07,brexiteer,59
2017-03-08,brexiteer,57
2017-03-09,brexiteer,65
2017-03-10,brexiteer,60
2017-03-11,brexiteer,35
2017-03-12,brexiteer,68
2017-03-13,brexiteer,78
2017-03-14,brexiteer,81
2017-03-15,brexiteer,95
2017-03-16,brexiteer,91
2017-03-17,brexiteer,82
2017-03-18,brexiteer,80
2017-03-19,brexiteer,86
2017-03-20,brexiteer,94
2017-03-21,brexiteer,94
2017-03-22,brexiteer,87
2017-03-23,brexiteer,71
2017-03-24,brexiteer,65
2017-03-25,brexiteer,53
2017-03-26,brexiteer,63
2017-03-27,brexiteer,83
2017-03-28,brexiteer,61
2017-03-29,brexiteer,55
2017-03-30,brexiteer,67
2017-03-31,brexiteer,75
2017-04-01,brexiteer,66
2017-04-02,brexiteer,92
2017-04-03,brexiteer,89
2017-04-04,brexiteer,81
2017-04-05,brexiteer,96
2017-04-06,brexiteer,73
2017-04-07,brexiteer,69
2017-04-08,brexiteer,54
2017-04-09,brexiteer,67
2017-04-10,brexiteer,57
2017-04-11,brexiteer,60
2017-04-12,brexiteer,56
2017-04-13,brexiteer,56
2017-04-14,brexiteer,69
2017-04-15,brexiteer,72
2017-04-16,brexiteer,55
2017-04-17,brexiteer,64
2017-04-18,brexiteer,48
2017-04-19,brexiteer,31
2017-04-20,brexiteer,33
2017-04-21,brexiteer,55
2017-04-22,brexiteer,52
2017-04-23,brexiteer,58
2017-04-24,brexiteer,57
2017-04-25,brexiteer,59
2017-04-26,brexiteer,61
2017-04-27,brexiteer,62
2017-04-28,brexiteer,63
2017-04-29,brexiteer,69
2017-04-30,brexiteer,69
2017-05-01,brexiteer,50
2017-05-02,brexiteer,60
2017-05-03,brexiteer,53
2017-05-04,brexiteer,44
2017-05-05,brexiteer,43
2017-05-06,brexiteer,51
2017-05-07,brexiteer,70
2017-05-08,brexiteer,74
2017-05-09,brexiteer,47
2017-05-10,brexiteer,70
2017-05-11,brexiteer,67
2017-05-12,brexiteer,60
2017-05-13,brexiteer,36
2017-05-14,brexiteer,69
2017-05-15,brexiteer,66
2017-05-16,brexiteer,49
2017-05-17,brexiteer,36
2017-05-18,brexiteer,35
2017-05-19,brexiteer,66
2017-05-20,brexiteer,60
2017-05-21,brexiteer,40
2017-05-22,brexiteer,57
2017-05-23,brexiteer,70
2017-05-24,brexiteer,51
2017-05-25,brexiteer,66
2017-05-26,brexiteer,52
2017-05-27,brexiteer,40
2017-05-28,brexiteer,40
2017-05-29,brexiteer,51
2017-05-30,brexiteer,49
2017-05-31,brexiteer,55
2017-06-01,brexiteer,53
2017-06-02,brexiteer,65
2017-06-03,brexiteer,35
2017-06-04,brexiteer,55
2017-06-05,brexiteer,56
2017-06-06,brexiteer,72
2017-06-07,brexiteer,75
2017-06-08,brexiteer,48
2017-06-09,brexiteer,27
2017-06-10,brexiteer,38
2017-06-11,brexiteer,26
2017-06-12,brexiteer,36
2017-06-13,brexiteer,49
2017-06-14,brexiteer,45
2017-06-15,brexiteer,48
2017-06-16,brexiteer,46
2017-06-17,brexiteer,58
2017-06-18,brexiteer,65
2017-06-19,brexiteer,55
2017-06-20,brexiteer,65
2017-06-21,brexiteer,63
2017-06-22,brexiteer,46
2017-06-23,brexiteer,70
2017-06-24,brexiteer,82
2017-06-25,brexiteer,67
2017-06-26,brexiteer,55
2017-06-27,brexiteer,45
2017-06-28,brexiteer,52
2017-06-29,brexiteer,51
2017-06-30,brexiteer,29
2017-07-01,brexiteer,39
2017-07-02,brexiteer,62
2017-07-03,brexiteer,83
2017-07-04,brexiteer,59
2017-07-05,brexiteer,69
2017-07-06,brexiteer,89
2017-07-07,brexiteer,64
2017-07-08,brexiteer,60
2017-07-09,brexiteer,45
2017-07-10,brexiteer,56
2017-07-11,brexiteer,70
2017-07-12,brexiteer,50
2017-07-13,brexiteer,59
2017-07-14,brexiteer,70
2017-07-15,brexiteer,74
2017-07-16,brexiteer,80
2017-07-17,brexiteer,77
2017-07-18,brexiteer,62
2017-07-19,brexiteer,69
2017-07-20,brexiteer,73
2017-07-21,brexiteer,48
2017-07-22,brexiteer,42
2017-07-23,brexiteer,67
2017-07-24,brexiteer,50
2017-07-25,brexiteer,48
2017-07-26,brexiteer,65
2017-07-27,brexiteer,58
2017-07-28,brexiteer,71
2017-07-29,brexiteer,55
2017-07-30,brexiteer,71
2017-07-31,brexiteer,67
2017-08-01,brexiteer,46
2017-08-02,brexiteer,46
2017-08-03,brexiteer,62
2017-08-04,brexiteer,72
2017-08-05,brexiteer,73
2017-08-06,brexiteer,51
2017-08-07,brexiteer,67
2017-08-08,brexiteer,73
2017-08-09,brexiteer,61
2017-08-10,brexiteer,67
2017-08-11,brexiteer,46
2017-08-12,brexiteer,41
2017-08-13,brexiteer,50
2017-08-14,brexiteer,45
2017-08-15,brexiteer,45
2017-08-16,brexiteer,49
2017-08-17,brexiteer,43
2017-08-18,brexiteer,61
2017-08-19,brexiteer,67
2017-08-20,brexiteer,68
2017-08-21,brexiteer,60
2017-08-22,brexiteer,46
2017-08-23,brexiteer,60
2017-08-24,brexiteer,78
2017-08-25,brexiteer,77
2017-08-26,brexiteer,77
2017-08-27,brexiteer,60
2017-08-28,brexiteer,77
2017-08-29,brexiteer,50
2017-08-30,brexiteer,72
2017-08-31,brexiteer,77
2017-09-01,brexiteer,72
2017-09-02,brexiteer,66
2017-09-03,brexiteer,46
2017-09-04,brexiteer,49
2017-09-05,brexiteer,42
2017-09-06,brexiteer,36
2017-09-07,brexiteer,59
2017-09-08,brexiteer,56
2017-09-09,brexiteer,55
2017-09-10,brexiteer,66
2017-09-11,brexiteer,51
2017-09-12,brexiteer,67
2017-09-13,brexiteer,89
2017-09-14,brexiteer,87
2017-09-15,brexiteer,70
2017-09-16,brexiteer,61
2017-09-17,brexiteer,67
2017-09-18,brexiteer,63
2017-09-19,brexiteer,51
2017-09-20,brexiteer,52
2017-09-21,brexiteer,64
2017-09-22,brexiteer,56
2017-09-23,brexiteer,61
2017-09-24,brexiteer,60
2017-09-25,brexiteer,47
2017-09-26,brexiteer,44
2017-09-27,brexiteer,85
2017-09-28,brexiteer,71
2017-09-29,brexiteer,68
2017-09-30,brexiteer,73
2017-10-01,brexiteer,70
2017-10-02,brexiteer,54
2017-10-03,brexiteer,47
2017-10-04,brexiteer,61
2017-10-05,brexiteer,50
2017-10-06,brexiteer,50
2017-10-07,brexiteer,45
2017-10-08,brexiteer,63
2017-10-09,brexiteer,73
2017-10-10,brexiteer,66
2017-10-11,brexiteer,61
2017-10-12,brexiteer,67
2017-10-13,brexiteer,65
2017-10-14,brexiteer,59
2017-10-15,brexiteer,59
2017-10-16,brexiteer,53
2017-10-17,brexiteer,67
2017-10-18,brexiteer,71
2017-10-19,brexiteer,57
2017-10-20,brexiteer,74
2017-10-21,brexiteer,52
2017-10-22,brexiteer,63
2017-10-23,brexiteer,53
2017-10-24,brexiteer,57
2017-10-25,brexiteer,49
2017-10-26,brexiteer,31
2017-10-27,brexiteer,44
2017-10-28,brexiteer,34
2017-10-29,brexiteer,50
2017-10-30,brexiteer,31
2017-10-31,brexiteer,37
2017-11-01,brexiteer,46
2017-11-02,brexiteer,48
2017-11-03,brexiteer,38
2017-11-04,brexiteer,48
2017-11-05,brexiteer,61
2017-11-06,brexiteer,66
2017-11-07,brexiteer,52
2017-11-08,brexiteer,73
2017-11-09,brexiteer,76
2017-11-10,brexiteer,76
2017-11-11,brexiteer,73
2017-11-12,brexiteer,52
2017-11-13,brexiteer,71
2017-11-14,brexiteer,67
2017-11-15,brexiteer,60
2017-11-16,brexiteer,41
2017-11-17,brexiteer,47
2017-11-18,brexiteer,41
2017-11-19,brexiteer,55
2017-11-20,brexiteer,67
2017-11-21,brexiteer,53
2017-11-22,brexiteer,54
2017-11-23,brexiteer,51
2017-11-24,brexiteer,45
2017-11-25,brexiteer,44
2017-11-26,brexiteer,54
2017-11-27,brexiteer,53
2017-11-28,brexiteer,76
2017-11-29,brexiteer,52
2017-11-30,brexiteer,58
2017-12-01,brexiteer,43
2017-12-02,brexiteer,42
2017-12-03,brexiteer,38
2017-12-04,brexiteer,61
2017-12-05,brexiteer,46
2017-12-06,brexiteer,50
2017-12-07,brexiteer,55
2017-12-08,brexiteer,56
2017-12-09,brexiteer,44
2017-12-10,brexiteer,67
2017-12-11,brexiteer,56
2017-12-12,brexiteer,37
2017-12-13,brexiteer,43
2017-12-14,brexiteer,36
2017-12-15,brexiteer,57
2017-12-16,brexiteer,53
2017-12-17,brexiteer,37
2017-12-18,brexiteer,44
2017-12-19,brexiteer,43
2017-12-20,brexiteer,42
2017-12-21,brexiteer,56
2017-12-22,brexiteer,61
2017-12-23,brexiteer,44
2017-12-24,brexiteer,47
2017-12-25,brexiteer,39
2017-12-26,brexiteer,35
2017-12-27,brexiteer,30
2017-12-28,brexiteer,32
2017-12-29,brexiteer,30
2017-12-30,brexiteer,38
2017-12-31,brexiteer,23
2018-01-01,brexiteer,32
2018-01-02,brexiteer,27
2018-01-03,brexiteer,52
2018-01-04,brexiteer,54
2018-01-05,brexiteer,45
2018-01-06,brexiteer,37
2018-01-07,brexiteer,33
2018-01-08,brexiteer,54
2018-01-09,brexiteer,32
2018-01-10,brexiteer,35
2018-01-11,brexiteer,25
2018-01-12,brexiteer,27
2018-01-13,brexiteer,36
2018-01-14,brexiteer,43
2018-01-15,brexiteer,38
2018-01-16,brexiteer,48
2018-01-17,brexiteer,53
2018-01-18,brexiteer,43
2018-01-19,brexiteer,43
2018-01-20,brexiteer,28
2018-01-21,brexiteer,36
2018-01-22,brexiteer,45
2018-01-23,brexiteer,31
2018-01-24,brexiteer,28
2018-01-25,brexiteer,56
2018-01-26,brexiteer,59
2018-01-27,brexiteer,38
2018-01-28,brexiteer,47
2018-01-29,brexiteer,52
2018-01-30,brexiteer,51
2018-01-31,brexiteer,34
2018-02-01,brexiteer,54
2018-02-02,brexiteer,44
2018-02-03,brexiteer,47
2018-02-04,brexiteer,74
2018-02-05,brexiteer,55
2018-02-06,brexiteer,52
2018-02-07,brexiteer,51
2018-02-08,brexiteer,33
2018-02-09,brexiteer,36
2018-02-10,brexiteer,43
2018-02-11,brexiteer,49
2018-02-12,brexiteer,53
2018-02-13,brexiteer,35
2018-02-14,brexiteer,27
2018-02-15,brexiteer,32
2018-02-16,brexiteer,29
2018-02-17,brexiteer,49
2018-02-18,brexiteer,31
2018-02-19,brexiteer,52
2018-02-20,brexiteer,63
2018-02-21,brexiteer,60
2018-02-22,brexiteer,33
2018-02-23,brexiteer,43
2018-02-24,brexiteer,48
2018-02-25,brexiteer,58
2018-02-26,brexiteer,42
2018-02-27,brexiteer,33
2018-02-28,brexiteer,46
2018-03-01,brexiteer,57
2018-03-02,brexiteer,38
2018-03-03,brexiteer,24
2018-03-04,brexiteer,38
2018-03-05,brexiteer,62
2018-03-06,brexiteer,63
2018-03-07,brexiteer,42
2018-03-08,brexiteer,41
2018-03-09,brexiteer,41
2018-03-10,brexiteer,36
2018-03-11,brexiteer,60
2018-03-12,brexiteer,66
2018-03-13,brexiteer,51
2018-03-14,brexiteer,47
2018-03-15,brexiteer,58
2018-03-16,brexiteer,48
2018-03-17,brexiteer,39
2018-03-18,brexiteer,56
2018-03-19,brexiteer,39
2018-03-20,brexiteer,49
2018-03-21,brexiteer,43
2018-03-22,brexiteer,46
2018-03-23,brexiteer,43
2018-03-24,brexiteer,30
2018-03-25,brexiteer,35
2018-03-26,brexiteer,23
2018-03-27,brexiteer,23
2018-03-28,brexiteer,29
2018-03-29,brexiteer,26
2018-03-30,brexiteer,28
2018-03-31,brexiteer,36
2018-04-01,brexiteer,42
2018-04-02,brexiteer,32
2018-04-03,brexiteer,43
2018-04-04,brexiteer,34
2018-04-05,brexiteer,36
2018-04-06,brexiteer,33
2018-04-07,brexiteer,25
2018-04-08,brexiteer,29
2018-04-09,brexiteer,30
2018-04-10,brexiteer,41
2018-04-11,brexiteer,37
2018-04-12,brexiteer,34
2018-04-13,brexiteer,28
2018-04-14,brexiteer,47
2018-04-15,brexiteer,29
2018-04-16,brexiteer,25
2018-04-17,brexiteer,34
2018-04-18,brexiteer,29
2018-04-19,brexiteer,33
2018-04-20,brexiteer,21
2018-04-21,brexiteer,29
2018-04-22,brexiteer,38
2018-04-23,brexiteer,36
2018-04-24,brexiteer,44
2018-04-25,brexiteer,40
2018-04-26,brexiteer,43
2018-04-27,brexiteer,53
2018-04-28,brexiteer,34
2018-04-29,brexiteer,39
2018-04-30,brexiteer,40
2018-05-01,brexiteer,55
2018-05-02,brexiteer,65
2018-05-03,brexiteer,53
2018-05-04,brexiteer,30
2018-05-05,brexiteer,31
2018-05-06,brexiteer,36
2018-05-07,brexiteer,45
2018-05-08,brexiteer,49
2018-05-09,brexiteer,62
2018-05-10,brexiteer,58
2018-05-11,brexiteer,44
2018-05-12,brexiteer,34
2018-05-13,brexiteer,38
2018-05-14,brexiteer,39
2018-05-15,brexiteer,39
2018-05-16,brexiteer,24
2018-05-17,brexiteer,40
2018-05-18,brexiteer,38
2018-05-19,brexiteer,38
2018-05-20,brexiteer,41
2018-05-21,brexiteer,36
2018-05-22,brexiteer,41
2018-05-23,brexiteer,45
2018-05-24,brexiteer,40
2018-05-25,brexiteer,60
2018-05-26,brexiteer,54
2018-05-27,brexiteer,33
2018-05-28,brexiteer,38
2018-05-29,brexiteer,50
2018-05-30,brexiteer,44
2018-05-31,brexiteer,50
2018-06-01,brexiteer,61
2018-06-02,brexiteer,45
2018-06-03,brexiteer,37
2018-06-04,brexiteer,25
2018-06-05,brexiteer,36
2018-06-06,brexiteer,44
2018-06-07,brexiteer,51
2018-06-08,brexiteer,56
2018-06-09,brexiteer,33
2018-06-10,brexiteer,42
2018-06-11,brexiteer,39
2018-06-12,brexiteer,37
2018-06-13,brexiteer,27
2018-06-14,brexiteer,29
2018-06-15,brexiteer,18
2018-06-16,brexiteer,21
2018-06-17,brexiteer,32
2018-06-18,brexiteer,31
2018-06-19,brexiteer,29
2018-06-20,brexiteer,31
2018-06-21,brexiteer,44
2018-06-22,brexiteer,51
2018-06-23,brexiteer,54
2018-06-24,brexiteer,41
2018-06-25,brexiteer,26
2018-06-26,brexiteer,27
2018-06-27,brexiteer,41
2018-06-28,brexiteer,55
2018-06-29,brexiteer,42
2018-06-30,brexiteer,47
2018-07-01,brexiteer,40
2018-07-02,brexiteer,49
2018-07-03,brexiteer,39
2018-07-04,brexiteer,35
2018-07-05,brexiteer,60
2018-07-06,brexiteer,55
2018-07-07,brexiteer,64
2018-07-08,brexiteer,54
2018-07-09,brexiteer,53
2018-07-10,brexiteer,55
2018-07-11,brexiteer,56
2018-07-12,brexiteer,51
2018-07-13,brexiteer,46
2018-07-14,brexiteer,36
2018-07-15,brexiteer,41
2018-07-16,brexiteer,46
2018-07-17,brexiteer,32
2018-07-18,brexiteer,50
2018-07-19,brexiteer,51
2018-07-20,brexiteer,55
2018-07-21,brexiteer,46
2018-07-22,brexiteer,46
2018-07-23,brexiteer,55
2018-07-24,brexiteer,50
2018-07-25,brexiteer,48
2018-07-26,brexiteer,42
2018-07-27,brexiteer,58
2018-07-28,brexiteer,59
2018-07-29,brexiteer,26
2018-07-30,brexiteer,45
2018-07-31,brexiteer,59
2018-08-01,brexiteer,49
2018-08-02,brexiteer,46
2018-08-03,brexiteer,55
2018-08-04,brexiteer,60
2018-08-05,brexiteer,46
2018-08-06,brexiteer,44
2018-08-07,brexiteer,38
2018-08-08,brexiteer,30
2018-08-09,brexiteer,35
2018-08-10,brexiteer,42
2018-08-11,brexiteer,32
2018-08-12,brexiteer,41
2018-08-13,brexiteer,37
2018-08-14,brexiteer,48
2018-08-15,brexiteer,31
2018-08-16,brexiteer,41
2018-08-17,brexiteer,38
2018-08-18,brexiteer,49
2018-08-19,brexiteer,42
2018-08-20,brexiteer,56
2018-08-21,brexiteer,40
2018-08-22,brexiteer,39
2018-08-23,brexiteer,35
2018-08-24,brexiteer,42
2018-08-25,brexiteer,45
2018-08-26,brexiteer,46
2018-08-27,brexiteer,47
2018-08-28,brexiteer,41
2018-08-29,brexiteer,58
2018-08-30,brexiteer,58
2018-08-31,brexiteer,54
2018-09-01,brexiteer,56
2018-09-02,brexiteer,48
2018-09-03,brexiteer,51
2018-09-04,brexiteer,47
2018-09-05,brexiteer,32
2018-09-06,brexiteer,46
2018-09-07,brexiteer,51
2018-09-08,brexiteer,35
2018-09-09,brexiteer,61
2018-09-10,brexiteer,64
2018-09-11,brexiteer,61
2018-09-12,brexiteer,59
2018-09-13,brexiteer,54
2018-09-14,brexiteer,37
2018-09-15,brexiteer,31
2018-09-16,brexiteer,50
2018-09-17,brexiteer,47
2018-09-18,brexiteer,59
2018-09-19,brexiteer,53
2018-09-20,brexiteer,45
2018-09-21,brexiteer,45
2018-09-22,brexiteer,34
2018-09-23,brexiteer,29
2018-09-24,brexiteer,32
2018-09-25,brexiteer,41
2018-09-26,brexiteer,49
2018-09-27,brexiteer,38
2018-09-28,brexiteer,33
2018-09-29,brexiteer,40
2018-09-30,brexiteer,47
2018-10-01,brexiteer,40
2018-10-02,brexiteer,61
2018-10-03,brexiteer,51
2018-10-04,brexiteer,39
2018-10-05,brexiteer,37
2018-10-06,brexiteer,35
2018-10-07,brexiteer,59
2018-10-08,brexiteer,39
2018-10-09,brexiteer,46
2018-10-10,brexiteer,41
2018-10-11,brexiteer,37
2018-10-12,brexiteer,44
2018-10-13,brexiteer,33
2018-10-14,brexiteer,26
2018-10-15,brexiteer,26
2018-10-16,brexiteer,51
2018-10-17,brexiteer,47
2018-10-18,brexiteer,54
2018-10-19,brexiteer,54
2018-10-20,brexiteer,44
2018-10-21,brexiteer,30
2018-10-22,brexiteer,44
2018-10-23,brexiteer,65
2018-10-24,brexiteer,46
2018-10-25,brexiteer,46
2018-10-26,brexiteer,35
2018-10-27,brexiteer,34
2018-10-28,brexiteer,29
2018-10-29,brexiteer,44
2018-10-30,brexiteer,49
2018-10-31,brexiteer,36
2018-11-01,brexiteer,28
2018-11-02,brexiteer,34
2018-11-03,brexiteer,33
2018-11-04,brexiteer,32
2018-11-05,brexiteer,34
2018-11-06,brexiteer,50
2018-11-07,brexiteer,35
2018-11-08,brexiteer,46
2018-11-09,brexiteer,42
2018-11-10,brexiteer,38
2018-11-11,brexiteer,37
2018-11-12,brexiteer,22
2018-11-13,brexiteer,45
2018-11-14,brexiteer,68
2018-11-15,brexiteer,71
2018-11-16,brexiteer,75
2018-11-17,brexiteer,47
2018-11-18,brexiteer,47
2018-11-19,brexiteer,68
2018-11-20,brexiteer,55
2018-11-21,brexiteer,40
2018-11-22,brexiteer,43
2018-11-23,brexiteer,36
2018-11-24,brexiteer,29
2018-11-25,brexiteer,32
2018-11-26,brexiteer,39
2018-11-27,brexiteer,43
2018-11-28,brexiteer,33
2018-11-29,brexiteer,53
2018-11-30,brexiteer,39
2018-12-01,brexiteer,35
2018-12-02,brexiteer,42
2018-12-03,brexiteer,24
2018-12-04,brexiteer,42
2018-12-05,brexiteer,52
2018-12-06,brexiteer,39
2018-12-07,brexiteer,36
2018-12-08,brexiteer,28
2018-12-09,brexiteer,31
2018-12-10,brexiteer,42
2018-12-11,brexiteer,40
2018-12-12,brexiteer,50
2018-12-13,brexiteer,51
2018-12-14,brexiteer,43
2018-12-15,brexiteer,36
2018-12-16,brexiteer,20
2018-12-17,brexiteer,35
2018-12-18,brexiteer,44
2018-12-19,brexiteer,27
2018-12-20,brexiteer,35
2018-12-21,brexiteer,47
2018-12-22,brexiteer,30
2018-12-23,brexiteer,26
2018-12-24,brexiteer,26
2018-12-25,brexiteer,19
2018-12-26,brexiteer,31
2018-12-27,brexiteer,36
2018-12-28,brexiteer,28
2018-12-29,brexiteer,35
2018-12-30,brexiteer,33
2018-12-31,brexiteer,27
2019-01-01,brexiteer,40
2019-01-02,brexiteer,21
2019-01-03,brexiteer,25
2019-01-04,brexiteer,36
2019-01-05,brexiteer,27
2019-01-06,brexiteer,46
2019-01-07,brexiteer,35
2019-01-08,brexiteer,30
2019-01-09,brexiteer,33
2019-01-10,brexiteer,35
2019-01-11,brexiteer,30
2019-01-12,brexiteer,30
2019-01-13,brexiteer,40
2019-01-14,brexiteer,47
2019-01-15,brexiteer,40
2019-01-16,brexiteer,29
2019-01-17,brexiteer,27
2019-01-18,brexiteer,44
2019-01-19,brexiteer,21
2019-01-20,brexiteer,28
2019-01-21,brexiteer,28
2019-01-22,brexiteer,28
2019-01-23,brexiteer,51
2019-01-24,brexiteer,48
2019-01-25,brexiteer,33
2019-01-26,brexiteer,43
2019-01-27,brexiteer,42
2019-01-28,brexiteer,38
2019-01-29,brexiteer,51
2019-01-30,brexiteer,43
2019-01-31,brexiteer,37
2019-02-01,brexiteer,32
2019-02-02,brexiteer,47
2019-02-03,brexiteer,25
2019-02-04,brexiteer,24
2019-02-05,brexiteer,30
2019-02-06,brexiteer,57
2019-02-07,brexiteer,53
2019-02-08,brexiteer,38
2019-02-09,brexiteer,46
2019-02-10,brexiteer,39
2019-02-11,brexiteer,29
2019-02-12,brexiteer,42
2019-02-13,brexiteer,52
NA,brexiteer,115
2016-06-08,brextremist,6
2016-06-23,brextremist,3
2016-06-26,brextremist,1
2016-06-27,brextremist,1
2016-06-30,brextremist,1
2016-07-05,brextremist,2
2016-07-22,brextremist,3
2016-07-29,brextremist,9
2016-09-26,brextremist,5
2016-09-27,brextremist,1
2016-10-03,brextremist,1
2016-10-05,brextremist,1
2016-10-12,brextremist,1
2016-10-17,brextremist,3
2016-10-18,brextremist,1
2016-10-19,brextremist,1
2016-10-20,brextremist,1
2016-10-21,brextremist,1
2016-11-01,brextremist,1
2016-11-02,brextremist,2
2016-11-06,brextremist,2
2016-11-07,brextremist,1
2016-11-08,brextremist,5
2016-11-09,brextremist,6
2016-11-11,brextremist,1
2016-11-12,brextremist,1
2016-11-15,brextremist,1
2016-11-16,brextremist,1
2016-11-17,brextremist,1
2016-11-23,brextremist,2
2016-11-24,brextremist,8
2016-11-25,brextremist,1
2016-11-26,brextremist,5
2016-11-27,brextremist,11
2016-11-28,brextremist,12
2016-11-29,brextremist,1
2016-11-30,brextremist,1
2016-12-01,brextremist,1
2016-12-02,brextremist,2
2016-12-03,brextremist,8
2016-12-04,brextremist,3
2016-12-05,brextremist,2
2016-12-06,brextremist,6
2016-12-07,brextremist,13
2016-12-08,brextremist,1
2016-12-09,brextremist,3
2016-12-10,brextremist,1
2016-12-11,brextremist,1
2016-12-12,brextremist,2
2016-12-13,brextremist,15
2016-12-14,brextremist,4
2016-12-15,brextremist,3
2016-12-16,brextremist,4
2016-12-17,brextremist,4
2016-12-18,brextremist,1
2016-12-19,brextremist,1
2016-12-20,brextremist,2
2016-12-21,brextremist,7
2016-12-22,brextremist,7
2016-12-23,brextremist,1
2016-12-24,brextremist,3
2016-12-25,brextremist,4
2016-12-27,brextremist,5
2016-12-28,brextremist,3
2016-12-29,brextremist,5
2016-12-30,brextremist,13
2016-12-31,brextremist,3
2017-01-01,brextremist,5
2017-01-02,brextremist,2
2017-01-03,brextremist,5
2017-01-04,brextremist,1
2017-01-05,brextremist,2
2017-01-06,brextremist,2
2017-01-07,brextremist,3
2017-01-08,brextremist,5
2017-01-09,brextremist,5
2017-01-10,brextremist,8
2017-01-11,brextremist,5
2017-01-12,brextremist,3
2017-01-14,brextremist,5
2017-01-15,brextremist,14
2017-01-16,brextremist,6
2017-01-17,brextremist,1
2017-01-18,brextremist,3
2017-01-19,brextremist,2
2017-01-20,brextremist,7
2017-01-21,brextremist,2
2017-01-23,brextremist,1
2017-01-24,brextremist,1
2017-01-25,brextremist,1
2017-01-26,brextremist,1
2017-01-27,brextremist,2
2017-01-28,brextremist,2
2017-01-30,brextremist,2
2017-02-02,brextremist,1
2017-02-03,brextremist,3
2017-02-04,brextremist,22
2017-02-05,brextremist,6
2017-02-06,brextremist,1
2017-02-07,brextremist,1
2017-02-08,brextremist,2
2017-02-09,brextremist,4
2017-02-11,brextremist,13
2017-02-12,brextremist,18
2017-02-13,brextremist,1
2017-02-14,brextremist,1
2017-02-15,brextremist,2
2017-02-16,brextremist,2
2017-02-17,brextremist,8
2017-02-18,brextremist,54
2017-02-19,brextremist,58
2017-02-20,brextremist,29
2017-02-21,brextremist,13
2017-02-22,brextremist,11
2017-02-23,brextremist,3
2017-02-24,brextremist,4
2017-02-26,brextremist,10
2017-02-27,brextremist,3
2017-02-28,brextremist,6
2017-03-01,brextremist,2
2017-03-02,brextremist,1
2017-03-03,brextremist,5
2017-03-04,brextremist,7
2017-03-05,brextremist,28
2017-03-06,brextremist,14
2017-03-07,brextremist,4
2017-03-08,brextremist,4
2017-03-09,brextremist,12
2017-03-10,brextremist,6
2017-03-11,brextremist,6
2017-03-12,brextremist,4
2017-03-13,brextremist,7
2017-03-14,brextremist,1
2017-03-15,brextremist,2
2017-03-16,brextremist,3
2017-03-17,brextremist,1
2017-03-18,brextremist,1
2017-03-19,brextremist,13
2017-03-20,brextremist,11
2017-03-21,brextremist,19
2017-03-22,brextremist,37
2017-03-23,brextremist,15
2017-03-24,brextremist,24
2017-03-25,brextremist,33
2017-03-26,brextremist,23
2017-03-27,brextremist,11
2017-03-28,brextremist,18
2017-03-29,brextremist,9
2017-03-30,brextremist,19
2017-03-31,brextremist,4
2017-04-01,brextremist,6
2017-04-02,brextremist,28
2017-04-03,brextremist,57
2017-04-04,brextremist,6
2017-04-05,brextremist,6
2017-04-06,brextremist,2
2017-04-07,brextremist,1
2017-04-09,brextremist,1
2017-04-10,brextremist,2
2017-04-11,brextremist,1
2017-04-12,brextremist,4
2017-04-13,brextremist,8
2017-04-14,brextremist,19
2017-04-15,brextremist,11
2017-04-16,brextremist,1
2017-04-17,brextremist,6
2017-04-18,brextremist,3
2017-04-19,brextremist,2
2017-04-20,brextremist,1
2017-04-21,brextremist,2
2017-04-22,brextremist,1
2017-04-23,brextremist,4
2017-04-24,brextremist,2
2017-04-25,brextremist,4
2017-04-26,brextremist,4
2017-04-27,brextremist,2
2017-04-28,brextremist,2
2017-04-29,brextremist,3
2017-04-30,brextremist,7
2017-05-01,brextremist,7
2017-05-02,brextremist,3
2017-05-03,brextremist,3
2017-05-04,brextremist,5
2017-05-05,brextremist,4
2017-05-06,brextremist,13
2017-05-07,brextremist,10
2017-05-08,brextremist,4
2017-05-09,brextremist,4
2017-05-10,brextremist,15
2017-05-11,brextremist,10
2017-05-12,brextremist,1
2017-05-13,brextremist,3
2017-05-14,brextremist,3
2017-05-15,brextremist,5
2017-05-16,brextremist,13
2017-05-17,brextremist,1
2017-05-18,brextremist,25
2017-05-19,brextremist,10
2017-05-20,brextremist,5
2017-05-21,brextremist,15
2017-05-22,brextremist,19
2017-05-23,brextremist,7
2017-05-24,brextremist,1
2017-05-25,brextremist,4
2017-05-26,brextremist,6
2017-05-28,brextremist,42
2017-05-29,brextremist,68
2017-05-30,brextremist,19
2017-05-31,brextremist,18
2017-06-01,brextremist,8
2017-06-02,brextremist,12
2017-06-03,brextremist,10
2017-06-04,brextremist,14
2017-06-05,brextremist,8
2017-06-06,brextremist,16
2017-06-07,brextremist,7
2017-06-08,brextremist,4
2017-06-09,brextremist,5
2017-06-10,brextremist,3
2017-06-11,brextremist,5
2017-06-12,brextremist,9
2017-06-13,brextremist,3
2017-06-14,brextremist,6
2017-06-15,brextremist,2
2017-06-16,brextremist,8
2017-06-17,brextremist,3
2017-06-18,brextremist,2
2017-06-19,brextremist,12
2017-06-20,brextremist,15
2017-06-21,brextremist,4
2017-06-22,brextremist,3
2017-06-23,brextremist,4
2017-06-24,brextremist,7
2017-06-25,brextremist,9
2017-06-26,brextremist,7
2017-06-27,brextremist,12
2017-06-28,brextremist,9
2017-06-29,brextremist,3
2017-06-30,brextremist,1
2017-07-01,brextremist,6
2017-07-02,brextremist,9
2017-07-03,brextremist,1
2017-07-04,brextremist,4
2017-07-05,brextremist,7
2017-07-06,brextremist,10
2017-07-07,brextremist,6
2017-07-08,brextremist,2
2017-07-09,brextremist,4
2017-07-10,brextremist,5
2017-07-11,brextremist,28
2017-07-12,brextremist,18
2017-07-13,brextremist,8
2017-07-14,brextremist,2
2017-07-15,brextremist,22
2017-07-16,brextremist,18
2017-07-17,brextremist,1
2017-07-18,brextremist,3
2017-07-19,brextremist,8
2017-07-20,brextremist,7
2017-07-21,brextremist,2
2017-07-22,brextremist,5
2017-07-23,brextremist,8
2017-07-24,brextremist,7
2017-07-25,brextremist,1
2017-07-26,brextremist,2
2017-07-27,brextremist,2
2017-07-28,brextremist,1
2017-07-29,brextremist,1
2017-07-31,brextremist,4
2017-08-01,brextremist,2
2017-08-02,brextremist,8
2017-08-03,brextremist,28
2017-08-04,brextremist,7
2017-08-05,brextremist,6
2017-08-06,brextremist,5
2017-08-07,brextremist,11
2017-08-08,brextremist,5
2017-08-09,brextremist,4
2017-08-10,brextremist,10
2017-08-11,brextremist,6
2017-08-12,brextremist,1
2017-08-14,brextremist,4
2017-08-15,brextremist,3
2017-08-16,brextremist,4
2017-08-17,brextremist,1
2017-08-18,brextremist,7
2017-08-19,brextremist,4
2017-08-20,brextremist,5
2017-08-21,brextremist,2
2017-08-22,brextremist,3
2017-08-23,brextremist,10
2017-08-24,brextremist,4
2017-08-25,brextremist,3
2017-08-26,brextremist,8
2017-08-27,brextremist,3
2017-08-28,brextremist,6
2017-08-29,brextremist,2
2017-08-30,brextremist,4
2017-08-31,brextremist,2
2017-09-01,brextremist,3
2017-09-02,brextremist,10
2017-09-03,brextremist,11
2017-09-04,brextremist,15
2017-09-05,brextremist,9
2017-09-06,brextremist,2
2017-09-07,brextremist,8
2017-09-08,brextremist,4
2017-09-09,brextremist,1
2017-09-11,brextremist,2
2017-09-12,brextremist,2
2017-09-14,brextremist,1
2017-09-15,brextremist,7
2017-09-16,brextremist,2
2017-09-17,brextremist,2
2017-09-18,brextremist,1
2017-09-19,brextremist,4
2017-09-20,brextremist,3
2017-09-21,brextremist,4
2017-09-22,brextremist,3
2017-09-23,brextremist,4
2017-09-24,brextremist,7
2017-09-25,brextremist,3
2017-09-26,brextremist,4
2017-09-27,brextremist,13
2017-09-28,brextremist,19
2017-09-29,brextremist,5
2017-09-30,brextremist,16
2017-10-01,brextremist,8
2017-10-02,brextremist,1
2017-10-03,brextremist,8
2017-10-04,brextremist,5
2017-10-05,brextremist,5
2017-10-06,brextremist,1
2017-10-07,brextremist,7
2017-10-08,brextremist,51
2017-10-09,brextremist,14
2017-10-10,brextremist,5
2017-10-11,brextremist,12
2017-10-12,brextremist,28
2017-10-13,brextremist,21
2017-10-14,brextremist,21
2017-10-15,brextremist,43
2017-10-16,brextremist,54
2017-10-17,brextremist,12
2017-10-18,brextremist,10
2017-10-19,brextremist,67
2017-10-20,brextremist,47
2017-10-21,brextremist,11
2017-10-22,brextremist,11
2017-10-23,brextremist,26
2017-10-24,brextremist,13
2017-10-25,brextremist,13
2017-10-26,brextremist,8
2017-10-27,brextremist,4
2017-10-28,brextremist,6
2017-10-29,brextremist,2
2017-10-30,brextremist,2
2017-10-31,brextremist,5
2017-11-01,brextremist,7
2017-11-02,brextremist,4
2017-11-03,brextremist,3
2017-11-04,brextremist,2
2017-11-05,brextremist,7
2017-11-06,brextremist,4
2017-11-08,brextremist,18
2017-11-09,brextremist,25
2017-11-10,brextremist,4
2017-11-11,brextremist,5
2017-11-12,brextremist,7
2017-11-13,brextremist,14
2017-11-14,brextremist,35
2017-11-15,brextremist,30
2017-11-16,brextremist,14
2017-11-17,brextremist,15
2017-11-18,brextremist,17
2017-11-19,brextremist,18
2017-11-20,brextremist,42
2017-11-21,brextremist,70
2017-11-22,brextremist,56
2017-11-23,brextremist,38
2017-11-24,brextremist,29
2017-11-25,brextremist,38
2017-11-26,brextremist,12
2017-11-27,brextremist,44
2017-11-28,brextremist,38
2017-11-29,brextremist,39
2017-11-30,brextremist,12
2017-12-01,brextremist,28
2017-12-02,brextremist,42
2017-12-03,brextremist,34
2017-12-04,brextremist,15
2017-12-05,brextremist,41
2017-12-06,brextremist,35
2017-12-07,brextremist,20
2017-12-08,brextremist,49
2017-12-09,brextremist,51
2017-12-10,brextremist,13
2017-12-11,brextremist,9
2017-12-12,brextremist,1
2017-12-13,brextremist,23
2017-12-14,brextremist,40
2017-12-15,brextremist,33
2017-12-16,brextremist,17
2017-12-17,brextremist,16
2017-12-18,brextremist,33
2017-12-20,brextremist,15
2017-12-21,brextremist,18
2017-12-22,brextremist,7
2017-12-23,brextremist,7
2017-12-24,brextremist,11
2017-12-25,brextremist,12
2017-12-26,brextremist,5
2017-12-27,brextremist,13
2017-12-28,brextremist,20
2017-12-29,brextremist,13
2017-12-30,brextremist,7
2017-12-31,brextremist,17
2018-01-01,brextremist,2
2018-01-03,brextremist,4
2018-01-04,brextremist,11
2018-01-05,brextremist,19
2018-01-06,brextremist,10
2018-01-07,brextremist,8
2018-01-08,brextremist,3
2018-01-09,brextremist,8
2018-01-10,brextremist,9
2018-01-11,brextremist,1
2018-01-12,brextremist,2
2018-01-13,brextremist,12
2018-01-14,brextremist,8
2018-01-15,brextremist,6
2018-01-16,brextremist,5
2018-01-17,brextremist,7
2018-01-18,brextremist,9
2018-01-19,brextremist,8
2018-01-20,brextremist,32
2018-01-21,brextremist,65
2018-01-22,brextremist,37
2018-01-23,brextremist,25
2018-01-24,brextremist,9
2018-01-25,brextremist,5
2018-01-26,brextremist,11
2018-01-27,brextremist,10
2018-01-28,brextremist,23
2018-01-29,brextremist,32
2018-01-30,brextremist,48
2018-01-31,brextremist,19
2018-02-01,brextremist,18
2018-02-02,brextremist,20
2018-02-03,brextremist,26
2018-02-04,brextremist,34
2018-02-05,brextremist,27
2018-02-06,brextremist,65
2018-02-07,brextremist,40
2018-02-08,brextremist,31
2018-02-09,brextremist,34
2018-02-10,brextremist,20
2018-02-11,brextremist,25
2018-02-12,brextremist,13
2018-02-13,brextremist,5
2018-02-14,brextremist,12
2018-02-15,brextremist,11
2018-02-16,brextremist,6
2018-02-17,brextremist,35
2018-02-18,brextremist,35
2018-02-19,brextremist,72
2018-02-20,brextremist,37
2018-02-21,brextremist,44
2018-02-22,brextremist,32
2018-02-23,brextremist,34
2018-02-24,brextremist,33
2018-02-25,brextremist,29
2018-02-26,brextremist,16
2018-02-27,brextremist,24
2018-02-28,brextremist,29
2018-03-01,brextremist,33
2018-03-02,brextremist,17
2018-03-03,brextremist,28
2018-03-04,brextremist,18
2018-03-05,brextremist,18
2018-03-06,brextremist,24
2018-03-07,brextremist,7
2018-03-08,brextremist,23
2018-03-09,brextremist,20
2018-03-10,brextremist,29
2018-03-11,brextremist,21
2018-03-12,brextremist,9
2018-03-13,brextremist,12
2018-03-14,brextremist,42
2018-03-15,brextremist,7
2018-03-16,brextremist,13
2018-03-17,brextremist,9
2018-03-18,brextremist,4
2018-03-19,brextremist,11
2018-03-20,brextremist,7
2018-03-21,brextremist,15
2018-03-22,brextremist,19
2018-03-23,brextremist,10
2018-03-24,brextremist,9
2018-03-25,brextremist,8
2018-03-26,brextremist,9
2018-03-27,brextremist,7
2018-03-28,brextremist,2
2018-03-29,brextremist,5
2018-03-30,brextremist,11
2018-03-31,brextremist,5
2018-04-01,brextremist,7
2018-04-02,brextremist,15
2018-04-03,brextremist,11
2018-04-04,brextremist,5
2018-04-05,brextremist,4
2018-04-06,brextremist,13
2018-04-07,brextremist,2
2018-04-10,brextremist,13
2018-04-11,brextremist,7
2018-04-12,brextremist,6
2018-04-13,brextremist,4
2018-04-14,brextremist,2
2018-04-15,brextremist,18
2018-04-16,brextremist,2
2018-04-17,brextremist,9
2018-04-18,brextremist,13
2018-04-19,brextremist,11
2018-04-20,brextremist,14
2018-04-21,brextremist,19
2018-04-22,brextremist,5
2018-04-23,brextremist,17
2018-04-24,brextremist,20
2018-04-25,brextremist,11
2018-04-26,brextremist,34
2018-04-27,brextremist,12
2018-04-28,brextremist,4
2018-04-29,brextremist,7
2018-04-30,brextremist,5
2018-05-01,brextremist,10
2018-05-02,brextremist,32
2018-05-03,brextremist,32
2018-05-04,brextremist,3
2018-05-05,brextremist,1
2018-05-06,brextremist,16
2018-05-07,brextremist,47
2018-05-08,brextremist,38
2018-05-09,brextremist,32
2018-05-10,brextremist,17
2018-05-11,brextremist,7
2018-05-12,brextremist,7
2018-05-13,brextremist,9
2018-05-14,brextremist,10
2018-05-15,brextremist,5
2018-05-16,brextremist,7
2018-05-17,brextremist,1
2018-05-18,brextremist,11
2018-05-19,brextremist,22
2018-05-20,brextremist,4
2018-05-21,brextremist,16
2018-05-22,brextremist,21
2018-05-23,brextremist,27
2018-05-24,brextremist,31
2018-05-25,brextremist,11
2018-05-26,brextremist,8
2018-05-27,brextremist,28
2018-05-28,brextremist,23
2018-05-29,brextremist,16
2018-05-30,brextremist,20
2018-05-31,brextremist,25
2018-06-01,brextremist,7
2018-06-02,brextremist,4
2018-06-03,brextremist,4
2018-06-04,brextremist,11
2018-06-05,brextremist,44
2018-06-06,brextremist,20
2018-06-07,brextremist,26
2018-06-08,brextremist,6
2018-06-09,brextremist,22
2018-06-10,brextremist,28
2018-06-11,brextremist,7
2018-06-12,brextremist,11
2018-06-13,brextremist,5
2018-06-14,brextremist,5
2018-06-15,brextremist,28
2018-06-16,brextremist,25
2018-06-17,brextremist,4
2018-06-18,brextremist,4
2018-06-19,brextremist,8
2018-06-20,brextremist,2
2018-06-21,brextremist,31
2018-06-22,brextremist,24
2018-06-23,brextremist,6
2018-06-24,brextremist,14
2018-06-25,brextremist,8
2018-06-26,brextremist,5
2018-06-27,brextremist,10
2018-06-28,brextremist,20
2018-06-29,brextremist,7
2018-06-30,brextremist,12
2018-07-01,brextremist,17
2018-07-02,brextremist,10
2018-07-03,brextremist,25
2018-07-04,brextremist,18
2018-07-05,brextremist,21
2018-07-06,brextremist,58
2018-07-07,brextremist,38
2018-07-08,brextremist,24
2018-07-09,brextremist,19
2018-07-10,brextremist,15
2018-07-11,brextremist,10
2018-07-12,brextremist,23
2018-07-13,brextremist,24
2018-07-14,brextremist,56
2018-07-15,brextremist,48
2018-07-16,brextremist,38
2018-07-17,brextremist,43
2018-07-18,brextremist,46
2018-07-19,brextremist,44
2018-07-20,brextremist,45
2018-07-21,brextremist,34
2018-07-22,brextremist,23
2018-07-23,brextremist,29
2018-07-24,brextremist,42
2018-07-25,brextremist,28
2018-07-26,brextremist,38
2018-07-27,brextremist,17
2018-07-28,brextremist,16
2018-07-29,brextremist,28
2018-07-30,brextremist,49
2018-07-31,brextremist,36
2018-08-01,brextremist,14
2018-08-02,brextremist,18
2018-08-03,brextremist,14
2018-08-04,brextremist,12
2018-08-05,brextremist,35
2018-08-06,brextremist,21
2018-08-07,brextremist,25
2018-08-08,brextremist,14
2018-08-09,brextremist,4
2018-08-10,brextremist,5
2018-08-11,brextremist,21
2018-08-12,brextremist,43
2018-08-13,brextremist,39
2018-08-14,brextremist,33
2018-08-15,brextremist,7
2018-08-16,brextremist,10
2018-08-17,brextremist,18
2018-08-18,brextremist,22
2018-08-19,brextremist,7
2018-08-20,brextremist,6
2018-08-21,brextremist,7
2018-08-22,brextremist,13
2018-08-23,brextremist,19
2018-08-24,brextremist,51
2018-08-25,brextremist,26
2018-08-26,brextremist,15
2018-08-27,brextremist,29
2018-08-28,brextremist,16
2018-08-29,brextremist,18
2018-08-30,brextremist,19
2018-08-31,brextremist,10
2018-09-01,brextremist,6
2018-09-02,brextremist,23
2018-09-03,brextremist,13
2018-09-04,brextremist,7
2018-09-05,brextremist,16
2018-09-06,brextremist,12
2018-09-07,brextremist,12
2018-09-08,brextremist,11
2018-09-09,brextremist,18
2018-09-10,brextremist,30
2018-09-11,brextremist,38
2018-09-12,brextremist,40
2018-09-13,brextremist,24
2018-09-14,brextremist,8
2018-09-15,brextremist,27
2018-09-16,brextremist,21
2018-09-17,brextremist,30
2018-09-18,brextremist,27
2018-09-19,brextremist,9
2018-09-20,brextremist,26
2018-09-21,brextremist,18
2018-09-22,brextremist,11
2018-09-23,brextremist,11
2018-09-24,brextremist,18
2018-09-25,brextremist,33
2018-09-26,brextremist,23
2018-09-27,brextremist,15
2018-09-28,brextremist,6
2018-09-29,brextremist,8
2018-09-30,brextremist,28
2018-10-01,brextremist,42
2018-10-02,brextremist,19
2018-10-03,brextremist,10
2018-10-04,brextremist,2
2018-10-05,brextremist,15
2018-10-06,brextremist,21
2018-10-07,brextremist,16
2018-10-08,brextremist,24
2018-10-09,brextremist,16
2018-10-10,brextremist,10
2018-10-11,brextremist,9
2018-10-12,brextremist,15
2018-10-13,brextremist,12
2018-10-14,brextremist,27
2018-10-15,brextremist,23
2018-10-16,brextremist,45
2018-10-17,brextremist,14
2018-10-18,brextremist,14
2018-10-19,brextremist,22
2018-10-20,brextremist,14
2018-10-21,brextremist,7
2018-10-22,brextremist,16
2018-10-23,brextremist,10
2018-10-24,brextremist,20
2018-10-25,brextremist,11
2018-10-26,brextremist,12
2018-10-27,brextremist,3
2018-10-28,brextremist,12
2018-10-29,brextremist,6
2018-10-30,brextremist,11
2018-10-31,brextremist,5
2018-11-01,brextremist,2
2018-11-02,brextremist,8
2018-11-04,brextremist,10
2018-11-05,brextremist,19
2018-11-06,brextremist,10
2018-11-07,brextremist,10
2018-11-08,brextremist,11
2018-11-09,brextremist,5
2018-11-10,brextremist,11
2018-11-11,brextremist,21
2018-11-12,brextremist,10
2018-11-13,brextremist,8
2018-11-14,brextremist,21
2018-11-15,brextremist,55
2018-11-16,brextremist,30
2018-11-17,brextremist,19
2018-11-18,brextremist,13
2018-11-19,brextremist,10
2018-11-20,brextremist,14
2018-11-21,brextremist,6
2018-11-22,brextremist,11
2018-11-23,brextremist,18
2018-11-24,brextremist,46
2018-11-25,brextremist,12
2018-11-26,brextremist,5
2018-11-27,brextremist,4
2018-11-28,brextremist,17
2018-11-29,brextremist,9
2018-11-30,brextremist,5
2018-12-01,brextremist,7
2018-12-02,brextremist,4
2018-12-03,brextremist,12
2018-12-04,brextremist,12
2018-12-05,brextremist,9
2018-12-06,brextremist,24
2018-12-07,brextremist,8
2018-12-08,brextremist,3
2018-12-09,brextremist,19
2018-12-10,brextremist,17
2018-12-11,brextremist,14
2018-12-12,brextremist,10
2018-12-13,brextremist,16
2018-12-14,brextremist,36
2018-12-15,brextremist,45
2018-12-16,brextremist,23
2018-12-17,brextremist,7
2018-12-18,brextremist,10
2018-12-19,brextremist,9
2018-12-20,brextremist,5
2018-12-21,brextremist,5
2018-12-22,brextremist,4
2018-12-23,brextremist,3
2018-12-24,brextremist,1
2018-12-25,brextremist,5
2018-12-26,brextremist,8
2018-12-27,brextremist,12
2018-12-28,brextremist,2
2018-12-29,brextremist,6
2018-12-30,brextremist,15
2018-12-31,brextremist,21
2019-01-01,brextremist,9
2019-01-02,brextremist,7
2019-01-03,brextremist,3
2019-01-04,brextremist,8
2019-01-05,brextremist,3
2019-01-06,brextremist,4
2019-01-07,brextremist,13
2019-01-08,brextremist,17
2019-01-09,brextremist,5
2019-01-10,brextremist,3
2019-01-11,brextremist,3
2019-01-12,brextremist,9
2019-01-13,brextremist,9
2019-01-14,brextremist,7
2019-01-15,brextremist,5
2019-01-17,brextremist,8
2019-01-18,brextremist,22
2019-01-19,brextremist,13
2019-01-20,brextremist,9
2019-01-21,brextremist,3
2019-01-22,brextremist,8
2019-01-23,brextremist,22
2019-01-24,brextremist,22
2019-01-25,brextremist,20
2019-01-26,brextremist,15
2019-01-27,brextremist,21
2019-01-28,brextremist,18
2019-01-29,brextremist,13
2019-01-30,brextremist,7
2019-01-31,brextremist,23
2019-02-01,brextremist,4
2019-02-02,brextremist,5
2019-02-03,brextremist,14
2019-02-04,brextremist,8
2019-02-05,brextremist,5
2019-02-06,brextremist,11
2019-02-07,brextremist,45
2019-02-08,brextremist,42
2019-02-09,brextremist,14
2019-02-10,brextremist,13
2019-02-11,brextremist,3
2019-02-12,brextremist,24
2019-02-13,brextremist,10
NA,brextremist,10
2016-06-01,remainer,36
2016-06-02,remainer,46
2016-06-03,remainer,61
2016-06-04,remainer,57
2016-06-05,remainer,55
2016-06-06,remainer,62
2016-06-07,remainer,59
2016-06-08,remainer,58
2016-06-09,remainer,60
2016-06-10,remainer,72
2016-06-11,remainer,63
2016-06-12,remainer,63
2016-06-13,remainer,60
2016-06-14,remainer,48
2016-06-15,remainer,46
2016-06-16,remainer,77
2016-06-17,remainer,68
2016-06-18,remainer,60
2016-06-19,remainer,69
2016-06-20,remainer,55
2016-06-21,remainer,67
2016-06-22,remainer,84
2016-06-23,remainer,80
2016-06-24,remainer,66
2016-06-25,remainer,71
2016-06-26,remainer,86
2016-06-27,remainer,80
2016-06-28,remainer,65
2016-06-29,remainer,75
2016-06-30,remainer,84
2016-07-01,remainer,73
2016-07-02,remainer,75
2016-07-03,remainer,86
2016-07-04,remainer,83
2016-07-05,remainer,75
2016-07-06,remainer,55
2016-07-07,remainer,49
2016-07-08,remainer,51
2016-07-09,remainer,60
2016-07-10,remainer,68
2016-07-11,remainer,73
2016-07-12,remainer,56
2016-07-13,remainer,56
2016-07-14,remainer,29
2016-07-15,remainer,48
2016-07-16,remainer,65
2016-07-17,remainer,38
2016-07-18,remainer,37
2016-07-19,remainer,80
2016-07-20,remainer,44
2016-07-21,remainer,53
2016-07-22,remainer,33
2016-07-23,remainer,56
2016-07-24,remainer,50
2016-07-25,remainer,46
2016-07-26,remainer,43
2016-07-27,remainer,49
2016-07-28,remainer,57
2016-07-29,remainer,51
2016-07-30,remainer,69
2016-07-31,remainer,77
2016-08-01,remainer,50
2016-08-02,remainer,64
2016-08-03,remainer,55
2016-08-04,remainer,25
2016-08-05,remainer,41
2016-08-06,remainer,36
2016-08-07,remainer,51
2016-08-08,remainer,61
2016-08-09,remainer,55
2016-08-10,remainer,49
2016-08-11,remainer,38
2016-08-12,remainer,38
2016-08-13,remainer,31
2016-08-14,remainer,49
2016-08-15,remainer,45
2016-08-16,remainer,40
2016-08-17,remainer,66
2016-08-18,remainer,71
2016-08-19,remainer,78
2016-08-20,remainer,64
2016-08-21,remainer,77
2016-08-22,remainer,62
2016-08-23,remainer,57
2016-08-24,remainer,64
2016-08-25,remainer,52
2016-08-26,remainer,51
2016-08-27,remainer,71
2016-08-28,remainer,46
2016-08-29,remainer,59
2016-08-30,remainer,45
2016-08-31,remainer,46
2016-09-01,remainer,67
2016-09-02,remainer,61
2016-09-03,remainer,66
2016-09-04,remainer,55
2016-09-05,remainer,48
2016-09-06,remainer,93
2016-09-07,remainer,33
2016-09-08,remainer,49
2016-09-09,remainer,50
2016-09-10,remainer,42
2016-09-11,remainer,64
2016-09-12,remainer,62
2016-09-13,remainer,38
2016-09-14,remainer,57
2016-09-15,remainer,54
2016-09-16,remainer,61
2016-09-17,remainer,48
2016-09-18,remainer,58
2016-09-19,remainer,43
2016-09-20,remainer,41
2016-09-21,remainer,60
2016-09-22,remainer,88
2016-09-23,remainer,62
2016-09-24,remainer,52
2016-09-25,remainer,47
2016-09-26,remainer,55
2016-09-27,remainer,31
2016-09-28,remainer,43
2016-09-29,remainer,40
2016-09-30,remainer,44
2016-10-01,remainer,46
2016-10-02,remainer,35
2016-10-03,remainer,36
2016-10-04,remainer,46
2016-10-05,remainer,55
2016-10-06,remainer,45
2016-10-07,remainer,36
2016-10-08,remainer,51
2016-10-09,remainer,41
2016-10-10,remainer,60
2016-10-11,remainer,53
2016-10-12,remainer,62
2016-10-13,remainer,56
2016-10-14,remainer,42
2016-10-15,remainer,68
2016-10-16,remainer,59
2016-10-17,remainer,75
2016-10-18,remainer,75
2016-10-19,remainer,70
2016-10-20,remainer,59
2016-10-21,remainer,54
2016-10-22,remainer,56
2016-10-23,remainer,60
2016-10-24,remainer,56
2016-10-25,remainer,55
2016-10-26,remainer,57
2016-10-27,remainer,65
2016-10-28,remainer,73
2016-10-29,remainer,59
2016-10-30,remainer,32
2016-10-31,remainer,45
2016-11-01,remainer,53
2016-11-02,remainer,48
2016-11-03,remainer,62
2016-11-04,remainer,49
2016-11-05,remainer,62
2016-11-06,remainer,75
2016-11-07,remainer,60
2016-11-08,remainer,50
2016-11-09,remainer,58
2016-11-10,remainer,60
2016-11-11,remainer,46
2016-11-12,remainer,41
2016-11-13,remainer,41
2016-11-14,remainer,49
2016-11-15,remainer,45
2016-11-16,remainer,60
2016-11-17,remainer,39
2016-11-18,remainer,65
2016-11-19,remainer,41
2016-11-20,remainer,40
2016-11-21,remainer,74
2016-11-22,remainer,63
2016-11-23,remainer,63
2016-11-24,remainer,36
2016-11-25,remainer,61
2016-11-26,remainer,77
2016-11-27,remainer,81
2016-11-28,remainer,59
2016-11-29,remainer,47
2016-11-30,remainer,37
2016-12-01,remainer,57
2016-12-02,remainer,73
2016-12-03,remainer,79
2016-12-04,remainer,74
2016-12-05,remainer,69
2016-12-06,remainer,73
2016-12-07,remainer,69
2016-12-08,remainer,66
2016-12-09,remainer,77
2016-12-10,remainer,81
2016-12-11,remainer,94
2016-12-12,remainer,74
2016-12-13,remainer,44
2016-12-14,remainer,70
2016-12-15,remainer,55
2016-12-16,remainer,61
2016-12-17,remainer,61
2016-12-18,remainer,44
2016-12-19,remainer,44
2016-12-20,remainer,52
2016-12-21,remainer,61
2016-12-22,remainer,54
2016-12-23,remainer,66
2016-12-24,remainer,58
2016-12-25,remainer,43
2016-12-26,remainer,26
2016-12-27,remainer,39
2016-12-28,remainer,43
2016-12-29,remainer,56
2016-12-30,remainer,80
2016-12-31,remainer,64
2017-01-01,remainer,80
2017-01-02,remainer,53
2017-01-03,remainer,62
2017-01-04,remainer,30
2017-01-05,remainer,49
2017-01-06,remainer,69
2017-01-07,remainer,68
2017-01-08,remainer,55
2017-01-09,remainer,60
2017-01-10,remainer,60
2017-01-11,remainer,53
2017-01-12,remainer,52
2017-01-13,remainer,58
2017-01-14,remainer,95
2017-01-15,remainer,54
2017-01-16,remainer,44
2017-01-17,remainer,70
2017-01-18,remainer,75
2017-01-19,remainer,54
2017-01-20,remainer,55
2017-01-21,remainer,31
2017-01-22,remainer,43
2017-01-23,remainer,56
2017-01-24,remainer,64
2017-01-25,remainer,61
2017-01-26,remainer,64
2017-01-27,remainer,70
2017-01-28,remainer,55
2017-01-29,remainer,51
2017-01-30,remainer,47
2017-01-31,remainer,70
2017-02-01,remainer,70
2017-02-02,remainer,65
2017-02-03,remainer,78
2017-02-04,remainer,55
2017-02-05,remainer,25
2017-02-06,remainer,25
2017-02-07,remainer,51
2017-02-08,remainer,61
2017-02-09,remainer,51
2017-02-10,remainer,52
2017-02-11,remainer,43
2017-02-12,remainer,52
2017-02-13,remainer,65
2017-02-14,remainer,46
2017-02-15,remainer,26
2017-02-16,remainer,20
2017-02-17,remainer,73
2017-02-18,remainer,71
2017-02-19,remainer,72
2017-02-20,remainer,57
2017-02-21,remainer,46
2017-02-22,remainer,61
2017-02-23,remainer,52
2017-02-24,remainer,71
2017-02-25,remainer,53
2017-02-26,remainer,43
2017-02-27,remainer,42
2017-02-28,remainer,51
2017-03-01,remainer,44
2017-03-02,remainer,51
2017-03-03,remainer,68
2017-03-04,remainer,50
2017-03-05,remainer,49
2017-03-06,remainer,39
2017-03-07,remainer,40
2017-03-08,remainer,68
2017-03-09,remainer,59
2017-03-10,remainer,54
2017-03-11,remainer,64
2017-03-12,remainer,51
2017-03-13,remainer,40
2017-03-14,remainer,37
2017-03-15,remainer,25
2017-03-16,remainer,27
2017-03-17,remainer,33
2017-03-18,remainer,45
2017-03-19,remainer,28
2017-03-20,remainer,29
2017-03-21,remainer,29
2017-03-22,remainer,31
2017-03-23,remainer,43
2017-03-24,remainer,51
2017-03-25,remainer,69
2017-03-26,remainer,69
2017-03-27,remainer,46
2017-03-28,remainer,41
2017-03-29,remainer,61
2017-03-30,remainer,54
2017-03-31,remainer,54
2017-04-01,remainer,55
2017-04-02,remainer,36
2017-04-03,remainer,16
2017-04-04,remainer,25
2017-04-05,remainer,33
2017-04-06,remainer,41
2017-04-07,remainer,61
2017-04-08,remainer,44
2017-04-09,remainer,39
2017-04-10,remainer,56
2017-04-11,remainer,54
2017-04-12,remainer,56
2017-04-13,remainer,47
2017-04-14,remainer,37
2017-04-15,remainer,56
2017-04-16,remainer,60
2017-04-17,remainer,44
2017-04-18,remainer,65
2017-04-19,remainer,70
2017-04-20,remainer,55
2017-04-21,remainer,63
2017-04-22,remainer,57
2017-04-23,remainer,45
2017-04-24,remainer,49
2017-04-25,remainer,62
2017-04-26,remainer,53
2017-04-27,remainer,52
2017-04-28,remainer,59
2017-04-29,remainer,45
2017-04-30,remainer,46
2017-05-01,remainer,80
2017-05-02,remainer,37
2017-05-03,remainer,62
2017-05-04,remainer,74
2017-05-05,remainer,77
2017-05-06,remainer,54
2017-05-07,remainer,44
2017-05-08,remainer,37
2017-05-09,remainer,71
2017-05-10,remainer,41
2017-05-11,remainer,55
2017-05-12,remainer,44
2017-05-13,remainer,76
2017-05-14,remainer,56
2017-05-15,remainer,46
2017-05-16,remainer,73
2017-05-17,remainer,74
2017-05-18,remainer,65
2017-05-19,remainer,86
2017-05-20,remainer,53
2017-05-21,remainer,72
2017-05-22,remainer,50
2017-05-23,remainer,37
2017-05-24,remainer,33
2017-05-25,remainer,40
2017-05-26,remainer,44
2017-05-27,remainer,45
2017-05-28,remainer,63
2017-05-29,remainer,70
2017-05-30,remainer,61
2017-05-31,remainer,66
2017-06-01,remainer,46
2017-06-02,remainer,62
2017-06-03,remainer,57
2017-06-04,remainer,57
2017-06-05,remainer,46
2017-06-06,remainer,49
2017-06-07,remainer,39
2017-06-08,remainer,72
2017-06-09,remainer,86
2017-06-10,remainer,69
2017-06-11,remainer,93
2017-06-12,remainer,58
2017-06-13,remainer,46
2017-06-14,remainer,53
2017-06-15,remainer,77
2017-06-16,remainer,67
2017-06-17,remainer,51
2017-06-18,remainer,54
2017-06-19,remainer,56
2017-06-20,remainer,41
2017-06-21,remainer,33
2017-06-22,remainer,65
2017-06-23,remainer,57
2017-06-24,remainer,47
2017-06-25,remainer,49
2017-06-26,remainer,53
2017-06-27,remainer,85
2017-06-28,remainer,60
2017-06-29,remainer,57
2017-06-30,remainer,84
2017-07-01,remainer,77
2017-07-02,remainer,48
2017-07-03,remainer,43
2017-07-04,remainer,54
2017-07-05,remainer,36
2017-07-06,remainer,31
2017-07-07,remainer,48
2017-07-08,remainer,51
2017-07-09,remainer,63
2017-07-10,remainer,45
2017-07-11,remainer,46
2017-07-12,remainer,63
2017-07-13,remainer,50
2017-07-14,remainer,66
2017-07-15,remainer,51
2017-07-16,remainer,49
2017-07-17,remainer,49
2017-07-18,remainer,55
2017-07-19,remainer,55
2017-07-20,remainer,42
2017-07-21,remainer,70
2017-07-22,remainer,70
2017-07-23,remainer,50
2017-07-24,remainer,58
2017-07-25,remainer,60
2017-07-26,remainer,53
2017-07-27,remainer,59
2017-07-28,remainer,41
2017-07-29,remainer,27
2017-07-30,remainer,14
2017-07-31,remainer,28
2017-08-01,remainer,43
2017-08-02,remainer,60
2017-08-03,remainer,52
2017-08-04,remainer,36
2017-08-05,remainer,38
2017-08-06,remainer,62
2017-08-07,remainer,42
2017-08-08,remainer,24
2017-08-09,remainer,37
2017-08-10,remainer,45
2017-08-11,remainer,56
2017-08-12,remainer,51
2017-08-13,remainer,44
2017-08-14,remainer,49
2017-08-15,remainer,52
2017-08-16,remainer,50
2017-08-17,remainer,65
2017-08-18,remainer,53
2017-08-19,remainer,55
2017-08-20,remainer,31
2017-08-21,remainer,43
2017-08-22,remainer,58
2017-08-23,remainer,49
2017-08-24,remainer,36
2017-08-25,remainer,30
2017-08-26,remainer,43
2017-08-27,remainer,64
2017-08-28,remainer,41
2017-08-29,remainer,50
2017-08-30,remainer,51
2017-08-31,remainer,46
2017-09-01,remainer,54
2017-09-02,remainer,51
2017-09-03,remainer,42
2017-09-04,remainer,39
2017-09-05,remainer,58
2017-09-06,remainer,78
2017-09-07,remainer,59
2017-09-08,remainer,57
2017-09-09,remainer,66
2017-09-10,remainer,56
2017-09-11,remainer,63
2017-09-12,remainer,45
2017-09-13,remainer,32
2017-09-14,remainer,29
2017-09-15,remainer,39
2017-09-16,remainer,56
2017-09-17,remainer,53
2017-09-18,remainer,58
2017-09-19,remainer,68
2017-09-20,remainer,51
2017-09-21,remainer,56
2017-09-22,remainer,60
2017-09-23,remainer,55
2017-09-24,remainer,62
2017-09-25,remainer,67
2017-09-26,remainer,47
2017-09-27,remainer,41
2017-09-28,remainer,40
2017-09-29,remainer,37
2017-09-30,remainer,36
2017-10-01,remainer,50
2017-10-02,remainer,57
2017-10-03,remainer,73
2017-10-04,remainer,58
2017-10-05,remainer,62
2017-10-06,remainer,72
2017-10-07,remainer,65
2017-10-08,remainer,39
2017-10-09,remainer,41
2017-10-10,remainer,40
2017-10-11,remainer,45
2017-10-12,remainer,45
2017-10-13,remainer,50
2017-10-14,remainer,61
2017-10-15,remainer,58
2017-10-16,remainer,63
2017-10-17,remainer,46
2017-10-18,remainer,38
2017-10-19,remainer,26
2017-10-20,remainer,40
2017-10-21,remainer,39
2017-10-22,remainer,54
2017-10-23,remainer,59
2017-10-24,remainer,45
2017-10-25,remainer,59
2017-10-26,remainer,72
2017-10-27,remainer,55
2017-10-28,remainer,63
2017-10-29,remainer,61
2017-10-30,remainer,66
2017-10-31,remainer,59
2017-11-01,remainer,62
2017-11-02,remainer,68
2017-11-03,remainer,61
2017-11-04,remainer,52
2017-11-05,remainer,41
2017-11-06,remainer,32
2017-11-07,remainer,56
2017-11-08,remainer,41
2017-11-09,remainer,22
2017-11-10,remainer,32
2017-11-11,remainer,30
2017-11-12,remainer,33
2017-11-13,remainer,24
2017-11-14,remainer,29
2017-11-15,remainer,39
2017-11-16,remainer,41
2017-11-17,remainer,45
2017-11-18,remainer,61
2017-11-19,remainer,48
2017-11-20,remainer,33
2017-11-21,remainer,44
2017-11-22,remainer,31
2017-11-23,remainer,35
2017-11-24,remainer,40
2017-11-25,remainer,31
2017-11-26,remainer,30
2017-11-27,remainer,35
2017-11-28,remainer,29
2017-11-29,remainer,48
2017-11-30,remainer,25
2017-12-01,remainer,54
2017-12-02,remainer,38
2017-12-03,remainer,32
2017-12-04,remainer,25
2017-12-05,remainer,37
2017-12-06,remainer,37
2017-12-07,remainer,49
2017-12-08,remainer,44
2017-12-09,remainer,42
2017-12-10,remainer,33
2017-12-11,remainer,51
2017-12-12,remainer,68
2017-12-13,remainer,49
2017-12-14,remainer,38
2017-12-15,remainer,43
2017-12-16,remainer,43
2017-12-17,remainer,49
2017-12-18,remainer,41
2017-12-19,remainer,35
2017-12-20,remainer,38
2017-12-21,remainer,50
2017-12-22,remainer,52
2017-12-23,remainer,48
2017-12-24,remainer,45
2017-12-25,remainer,45
2017-12-26,remainer,63
2017-12-27,remainer,66
2017-12-28,remainer,66
2017-12-29,remainer,62
2017-12-30,remainer,53
2017-12-31,remainer,59
2018-01-01,remainer,49
2018-01-02,remainer,50
2018-01-03,remainer,41
2018-01-04,remainer,33
2018-01-05,remainer,42
2018-01-06,remainer,46
2018-01-07,remainer,52
2018-01-08,remainer,33
2018-01-09,remainer,38
2018-01-10,remainer,59
2018-01-11,remainer,56
2018-01-12,remainer,60
2018-01-13,remainer,45
2018-01-14,remainer,49
2018-01-15,remainer,37
2018-01-16,remainer,40
2018-01-17,remainer,31
2018-01-18,remainer,46
2018-01-19,remainer,48
2018-01-20,remainer,55
2018-01-21,remainer,51
2018-01-22,remainer,46
2018-01-23,remainer,57
2018-01-24,remainer,46
2018-01-25,remainer,31
2018-01-26,remainer,29
2018-01-27,remainer,37
2018-01-28,remainer,44
2018-01-29,remainer,37
2018-01-30,remainer,38
2018-01-31,remainer,46
2018-02-01,remainer,43
2018-02-02,remainer,48
2018-02-03,remainer,37
2018-02-04,remainer,25
2018-02-05,remainer,35
2018-02-06,remainer,20
2018-02-07,remainer,31
2018-02-08,remainer,51
2018-02-09,remainer,42
2018-02-10,remainer,36
2018-02-11,remainer,50
2018-02-12,remainer,44
2018-02-13,remainer,56
2018-02-14,remainer,74
2018-02-15,remainer,68
2018-02-16,remainer,52
2018-02-17,remainer,37
2018-02-18,remainer,42
2018-02-19,remainer,27
2018-02-20,remainer,27
2018-02-21,remainer,21
2018-02-22,remainer,48
2018-02-23,remainer,32
2018-02-24,remainer,40
2018-02-25,remainer,30
2018-02-26,remainer,43
2018-02-27,remainer,55
2018-02-28,remainer,40
2018-03-01,remainer,37
2018-03-02,remainer,34
2018-03-03,remainer,46
2018-03-04,remainer,49
2018-03-05,remainer,34
2018-03-06,remainer,35
2018-03-07,remainer,44
2018-03-08,remainer,57
2018-03-09,remainer,59
2018-03-10,remainer,59
2018-03-11,remainer,42
2018-03-12,remainer,37
2018-03-13,remainer,32
2018-03-14,remainer,56
2018-03-15,remainer,34
2018-03-16,remainer,33
2018-03-17,remainer,30
2018-03-18,remainer,34
2018-03-19,remainer,38
2018-03-20,remainer,39
2018-03-21,remainer,33
2018-03-22,remainer,39
2018-03-23,remainer,39
2018-03-24,remainer,65
2018-03-25,remainer,57
2018-03-26,remainer,52
2018-03-27,remainer,62
2018-03-28,remainer,53
2018-03-29,remainer,50
2018-03-30,remainer,31
2018-03-31,remainer,40
2018-04-01,remainer,42
2018-04-02,remainer,40
2018-04-03,remainer,41
2018-04-04,remainer,66
2018-04-05,remainer,45
2018-04-06,remainer,27
2018-04-07,remainer,43
2018-04-08,remainer,46
2018-04-09,remainer,51
2018-04-10,remainer,38
2018-04-11,remainer,44
2018-04-12,remainer,53
2018-04-13,remainer,54
2018-04-14,remainer,49
2018-04-15,remainer,55
2018-04-16,remainer,63
2018-04-17,remainer,58
2018-04-18,remainer,57
2018-04-19,remainer,63
2018-04-20,remainer,52
2018-04-21,remainer,59
2018-04-22,remainer,44
2018-04-23,remainer,58
2018-04-24,remainer,54
2018-04-25,remainer,49
2018-04-26,remainer,51
2018-04-27,remainer,44
2018-04-28,remainer,60
2018-04-29,remainer,51
2018-04-30,remainer,53
2018-05-01,remainer,39
2018-05-02,remainer,32
2018-05-03,remainer,38
2018-05-04,remainer,49
2018-05-05,remainer,53
2018-05-06,remainer,45
2018-05-07,remainer,35
2018-05-08,remainer,29
2018-05-09,remainer,26
2018-05-10,remainer,31
2018-05-11,remainer,36
2018-05-12,remainer,50
2018-05-13,remainer,46
2018-05-14,remainer,54
2018-05-15,remainer,41
2018-05-16,remainer,28
2018-05-17,remainer,38
2018-05-18,remainer,26
2018-05-19,remainer,40
2018-05-20,remainer,37
2018-05-21,remainer,42
2018-05-22,remainer,44
2018-05-23,remainer,36
2018-05-24,remainer,56
2018-05-25,remainer,47
2018-05-26,remainer,45
2018-05-27,remainer,42
2018-05-28,remainer,40
2018-05-29,remainer,44
2018-05-30,remainer,52
2018-05-31,remainer,38
2018-06-01,remainer,25
2018-06-02,remainer,31
2018-06-03,remainer,54
2018-06-04,remainer,59
2018-06-05,remainer,44
2018-06-06,remainer,49
2018-06-07,remainer,48
2018-06-08,remainer,49
2018-06-09,remainer,52
2018-06-10,remainer,36
2018-06-11,remainer,31
2018-06-12,remainer,52
2018-06-13,remainer,53
2018-06-14,remainer,41
2018-06-15,remainer,70
2018-06-16,remainer,52
2018-06-17,remainer,52
2018-06-18,remainer,49
2018-06-19,remainer,51
2018-06-20,remainer,43
2018-06-21,remainer,35
2018-06-22,remainer,42
2018-06-23,remainer,43
2018-06-24,remainer,44
2018-06-25,remainer,52
2018-06-26,remainer,64
2018-06-27,remainer,57
2018-06-28,remainer,46
2018-06-29,remainer,43
2018-06-30,remainer,41
2018-07-01,remainer,41
2018-07-02,remainer,30
2018-07-03,remainer,35
2018-07-04,remainer,42
2018-07-05,remainer,36
2018-07-06,remainer,27
2018-07-07,remainer,21
2018-07-08,remainer,19
2018-07-09,remainer,30
2018-07-10,remainer,45
2018-07-11,remainer,37
2018-07-12,remainer,33
2018-07-13,remainer,57
2018-07-14,remainer,62
2018-07-15,remainer,45
2018-07-16,remainer,40
2018-07-17,remainer,47
2018-07-18,remainer,26
2018-07-19,remainer,40
2018-07-20,remainer,19
2018-07-21,remainer,21
2018-07-22,remainer,18
2018-07-23,remainer,19
2018-07-24,remainer,36
2018-07-25,remainer,42
2018-07-26,remainer,33
2018-07-27,remainer,36
2018-07-28,remainer,35
2018-07-29,remainer,54
2018-07-30,remainer,46
2018-07-31,remainer,26
2018-08-01,remainer,35
2018-08-02,remainer,37
2018-08-03,remainer,22
2018-08-04,remainer,21
2018-08-05,remainer,43
2018-08-06,remainer,16
2018-08-07,remainer,23
2018-08-08,remainer,56
2018-08-09,remainer,48
2018-08-10,remainer,47
2018-08-11,remainer,53
2018-08-12,remainer,48
2018-08-13,remainer,45
2018-08-14,remainer,18
2018-08-15,remainer,29
2018-08-16,remainer,45
2018-08-17,remainer,53
2018-08-18,remainer,39
2018-08-19,remainer,55
2018-08-20,remainer,49
2018-08-21,remainer,42
2018-08-22,remainer,63
2018-08-23,remainer,45
2018-08-24,remainer,39
2018-08-25,remainer,48
2018-08-26,remainer,46
2018-08-27,remainer,56
2018-08-28,remainer,32
2018-08-29,remainer,22
2018-08-30,remainer,46
2018-08-31,remainer,38
2018-09-01,remainer,49
2018-09-02,remainer,42
2018-09-03,remainer,31
2018-09-04,remainer,38
2018-09-05,remainer,48
2018-09-06,remainer,47
2018-09-07,remainer,41
2018-09-08,remainer,59
2018-09-09,remainer,40
2018-09-10,remainer,42
2018-09-11,remainer,40
2018-09-12,remainer,27
2018-09-13,remainer,45
2018-09-14,remainer,56
2018-09-15,remainer,52
2018-09-16,remainer,44
2018-09-17,remainer,39
2018-09-18,remainer,35
2018-09-19,remainer,51
2018-09-20,remainer,33
2018-09-21,remainer,43
2018-09-22,remainer,54
2018-09-23,remainer,37
2018-09-24,remainer,50
2018-09-25,remainer,38
2018-09-26,remainer,46
2018-09-27,remainer,51
2018-09-28,remainer,58
2018-09-29,remainer,61
2018-09-30,remainer,55
2018-10-01,remainer,31
2018-10-02,remainer,20
2018-10-03,remainer,36
2018-10-04,remainer,46
2018-10-05,remainer,63
2018-10-06,remainer,43
2018-10-07,remainer,28
2018-10-08,remainer,55
2018-10-09,remainer,35
2018-10-10,remainer,35
2018-10-11,remainer,34
2018-10-12,remainer,43
2018-10-13,remainer,41
2018-10-14,remainer,28
2018-10-15,remainer,23
2018-10-16,remainer,26
2018-10-17,remainer,30
2018-10-18,remainer,28
2018-10-19,remainer,41
2018-10-20,remainer,46
2018-10-21,remainer,39
2018-10-22,remainer,40
2018-10-23,remainer,27
2018-10-24,remainer,32
2018-10-25,remainer,33
2018-10-26,remainer,53
2018-10-27,remainer,61
2018-10-28,remainer,60
2018-10-29,remainer,47
2018-10-30,remainer,46
2018-10-31,remainer,61
2018-11-01,remainer,59
2018-11-02,remainer,53
2018-11-03,remainer,44
2018-11-04,remainer,48
2018-11-05,remainer,53
2018-11-06,remainer,60
2018-11-07,remainer,53
2018-11-08,remainer,45
2018-11-09,remainer,47
2018-11-10,remainer,43
2018-11-11,remainer,41
2018-11-12,remainer,49
2018-11-13,remainer,37
2018-11-14,remainer,33
2018-11-15,remainer,29
2018-11-16,remainer,24
2018-11-17,remainer,41
2018-11-18,remainer,36
2018-11-19,remainer,25
2018-11-20,remainer,26
2018-11-21,remainer,47
2018-11-22,remainer,38
2018-11-23,remainer,32
2018-11-24,remainer,37
2018-11-25,remainer,47
2018-11-26,remainer,47
2018-11-27,remainer,51
2018-11-28,remainer,49
2018-11-29,remainer,40
2018-11-30,remainer,43
2018-12-01,remainer,40
2018-12-02,remainer,37
2018-12-03,remainer,24
2018-12-04,remainer,33
2018-12-05,remainer,40
2018-12-06,remainer,41
2018-12-07,remainer,42
2018-12-08,remainer,61
2018-12-09,remainer,64
2018-12-10,remainer,46
2018-12-11,remainer,48
2018-12-12,remainer,41
2018-12-13,remainer,29
2018-12-14,remainer,47
2018-12-15,remainer,37
2018-12-16,remainer,54
2018-12-17,remainer,44
2018-12-18,remainer,45
2018-12-19,remainer,58
2018-12-20,remainer,57
2018-12-21,remainer,47
2018-12-22,remainer,64
2018-12-23,remainer,51
2018-12-24,remainer,66
2018-12-25,remainer,64
2018-12-26,remainer,63
2018-12-27,remainer,51
2018-12-28,remainer,49
2018-12-29,remainer,36
2018-12-30,remainer,40
2018-12-31,remainer,42
2019-01-01,remainer,26
2019-01-02,remainer,40
2019-01-03,remainer,59
2019-01-04,remainer,57
2019-01-05,remainer,66
2019-01-06,remainer,36
2019-01-07,remainer,47
2019-01-08,remainer,47
2019-01-09,remainer,65
2019-01-10,remainer,67
2019-01-11,remainer,48
2019-01-12,remainer,48
2019-01-13,remainer,53
2019-01-14,remainer,53
2019-01-15,remainer,57
2019-01-16,remainer,55
2019-01-17,remainer,58
2019-01-18,remainer,42
2019-01-19,remainer,60
2019-01-20,remainer,53
2019-01-21,remainer,59
2019-01-22,remainer,60
2019-01-23,remainer,42
2019-01-24,remainer,44
2019-01-25,remainer,53
2019-01-26,remainer,39
2019-01-27,remainer,44
2019-01-28,remainer,44
2019-01-29,remainer,46
2019-01-30,remainer,42
2019-01-31,remainer,47
2019-02-01,remainer,47
2019-02-02,remainer,51
2019-02-03,remainer,57
2019-02-04,remainer,53
2019-02-05,remainer,52
2019-02-06,remainer,36
2019-02-07,remainer,26
2019-02-08,remainer,34
2019-02-09,remainer,29
2019-02-10,remainer,38
2019-02-11,remainer,59
2019-02-12,remainer,33
2019-02-13,remainer,28
NA,remainer,71
2016-06-09,remoaner,2
2016-06-19,remoaner,1
2016-06-20,remoaner,2
2016-06-23,remoaner,1
2016-06-24,remoaner,11
2016-06-25,remoaner,23
2016-06-26,remoaner,68
2016-06-27,remoaner,48
2016-06-28,remoaner,28
2016-06-29,remoaner,21
2016-06-30,remoaner,21
2016-07-01,remoaner,27
2016-07-02,remoaner,70
2016-07-03,remoaner,62
2016-07-04,remoaner,35
2016-07-05,remoaner,21
2016-07-06,remoaner,10
2016-07-07,remoaner,14
2016-07-08,remoaner,96
2016-07-09,remoaner,63
2016-07-10,remoaner,33
2016-07-11,remoaner,39
2016-07-12,remoaner,23
2016-07-13,remoaner,31
2016-07-14,remoaner,26
2016-07-15,remoaner,17
2016-07-16,remoaner,15
2016-07-17,remoaner,25
2016-07-18,remoaner,46
2016-07-19,remoaner,52
2016-07-20,remoaner,32
2016-07-21,remoaner,40
2016-07-22,remoaner,44
2016-07-23,remoaner,36
2016-07-24,remoaner,52
2016-07-25,remoaner,48
2016-07-26,remoaner,25
2016-07-27,remoaner,46
2016-07-28,remoaner,42
2016-07-29,remoaner,46
2016-07-30,remoaner,48
2016-07-31,remoaner,57
2016-08-01,remoaner,54
2016-08-02,remoaner,56
2016-08-03,remoaner,40
2016-08-04,remoaner,40
2016-08-05,remoaner,40
2016-08-06,remoaner,24
2016-08-07,remoaner,44
2016-08-08,remoaner,42
2016-08-09,remoaner,36
2016-08-10,remoaner,43
2016-08-11,remoaner,34
2016-08-12,remoaner,15
2016-08-13,remoaner,53
2016-08-14,remoaner,41
2016-08-15,remoaner,34
2016-08-16,remoaner,37
2016-08-17,remoaner,52
2016-08-18,remoaner,54
2016-08-19,remoaner,34
2016-08-20,remoaner,43
2016-08-21,remoaner,57
2016-08-22,remoaner,49
2016-08-23,remoaner,45
2016-08-24,remoaner,65
2016-08-25,remoaner,37
2016-08-26,remoaner,37
2016-08-27,remoaner,53
2016-08-28,remoaner,46
2016-08-29,remoaner,59
2016-08-30,remoaner,80
2016-08-31,remoaner,85
2016-09-01,remoaner,74
2016-09-02,remoaner,77
2016-09-03,remoaner,99
2016-09-04,remoaner,110
2016-09-05,remoaner,103
2016-09-06,remoaner,63
2016-09-07,remoaner,70
2016-09-08,remoaner,75
2016-09-09,remoaner,62
2016-09-10,remoaner,102
2016-09-11,remoaner,101
2016-09-12,remoaner,85
2016-09-13,remoaner,64
2016-09-14,remoaner,86
2016-09-15,remoaner,76
2016-09-16,remoaner,86
2016-09-17,remoaner,59
2016-09-18,remoaner,58
2016-09-19,remoaner,79
2016-09-20,remoaner,66
2016-09-21,remoaner,70
2016-09-22,remoaner,96
2016-09-23,remoaner,106
2016-09-24,remoaner,76
2016-09-25,remoaner,52
2016-09-26,remoaner,53
2016-09-27,remoaner,57
2016-09-28,remoaner,56
2016-09-29,remoaner,74
2016-09-30,remoaner,85
2016-10-01,remoaner,63
2016-10-02,remoaner,97
2016-10-03,remoaner,93
2016-10-04,remoaner,93
2016-10-05,remoaner,87
2016-10-06,remoaner,68
2016-10-07,remoaner,81
2016-10-08,remoaner,77
2016-10-09,remoaner,83
2016-10-10,remoaner,87
2016-10-11,remoaner,107
2016-10-12,remoaner,93
2016-10-13,remoaner,96
2016-10-14,remoaner,114
2016-10-15,remoaner,104
2016-10-16,remoaner,107
2016-10-17,remoaner,87
2016-10-18,remoaner,82
2016-10-19,remoaner,100
2016-10-20,remoaner,99
2016-10-21,remoaner,114
2016-10-22,remoaner,99
2016-10-23,remoaner,104
2016-10-24,remoaner,109
2016-10-25,remoaner,109
2016-10-26,remoaner,115
2016-10-27,remoaner,117
2016-10-28,remoaner,123
2016-10-29,remoaner,119
2016-10-30,remoaner,111
2016-10-31,remoaner,97
2016-11-01,remoaner,101
2016-11-02,remoaner,102
2016-11-03,remoaner,116
2016-11-04,remoaner,112
2016-11-05,remoaner,122
2016-11-06,remoaner,101
2016-11-07,remoaner,106
2016-11-08,remoaner,112
2016-11-09,remoaner,121
2016-11-10,remoaner,122
2016-11-11,remoaner,126
2016-11-12,remoaner,125
2016-11-13,remoaner,117
2016-11-14,remoaner,98
2016-11-15,remoaner,115
2016-11-16,remoaner,102
2016-11-17,remoaner,101
2016-11-18,remoaner,90
2016-11-19,remoaner,102
2016-11-20,remoaner,105
2016-11-21,remoaner,116
2016-11-22,remoaner,110
2016-11-23,remoaner,97
2016-11-24,remoaner,107
2016-11-25,remoaner,109
2016-11-26,remoaner,110
2016-11-27,remoaner,97
2016-11-28,remoaner,122
2016-11-29,remoaner,98
2016-11-30,remoaner,100
2016-12-01,remoaner,102
2016-12-02,remoaner,128
2016-12-03,remoaner,112
2016-12-04,remoaner,111
2016-12-05,remoaner,68
2016-12-06,remoaner,90
2016-12-07,remoaner,84
2016-12-08,remoaner,100
2016-12-09,remoaner,124
2016-12-10,remoaner,105
2016-12-11,remoaner,102
2016-12-12,remoaner,106
2016-12-13,remoaner,87
2016-12-14,remoaner,97
2016-12-15,remoaner,107
2016-12-16,remoaner,116
2016-12-17,remoaner,116
2016-12-18,remoaner,96
2016-12-19,remoaner,98
2016-12-20,remoaner,101
2016-12-21,remoaner,103
2016-12-22,remoaner,87
2016-12-23,remoaner,95
2016-12-24,remoaner,98
2016-12-25,remoaner,95
2016-12-26,remoaner,96
2016-12-27,remoaner,106
2016-12-28,remoaner,91
2016-12-29,remoaner,90
2016-12-30,remoaner,93
2016-12-31,remoaner,84
2017-01-01,remoaner,98
2017-01-02,remoaner,94
2017-01-03,remoaner,101
2017-01-04,remoaner,106
2017-01-05,remoaner,112
2017-01-06,remoaner,117
2017-01-07,remoaner,117
2017-01-08,remoaner,103
2017-01-09,remoaner,108
2017-01-10,remoaner,110
2017-01-11,remoaner,102
2017-01-12,remoaner,95
2017-01-13,remoaner,109
2017-01-14,remoaner,100
2017-01-15,remoaner,98
2017-01-16,remoaner,113
2017-01-17,remoaner,111
2017-01-18,remoaner,118
2017-01-19,remoaner,101
2017-01-20,remoaner,108
2017-01-21,remoaner,100
2017-01-22,remoaner,91
2017-01-23,remoaner,89
2017-01-24,remoaner,75
2017-01-25,remoaner,85
2017-01-26,remoaner,85
2017-01-27,remoaner,110
2017-01-28,remoaner,107
2017-01-29,remoaner,123
2017-01-30,remoaner,97
2017-01-31,remoaner,108
2017-02-01,remoaner,134
2017-02-02,remoaner,119
2017-02-03,remoaner,119
2017-02-04,remoaner,91
2017-02-05,remoaner,96
2017-02-06,remoaner,111
2017-02-07,remoaner,107
2017-02-08,remoaner,116
2017-02-09,remoaner,122
2017-02-10,remoaner,115
2017-02-11,remoaner,70
2017-02-12,remoaner,87
2017-02-13,remoaner,99
2017-02-14,remoaner,106
2017-02-15,remoaner,94
2017-02-16,remoaner,88
2017-02-17,remoaner,105
2017-02-18,remoaner,42
2017-02-19,remoaner,37
2017-02-20,remoaner,78
2017-02-21,remoaner,98
2017-02-22,remoaner,88
2017-02-23,remoaner,99
2017-02-24,remoaner,89
2017-02-25,remoaner,87
2017-02-26,remoaner,106
2017-02-27,remoaner,97
2017-02-28,remoaner,107
2017-03-01,remoaner,109
2017-03-02,remoaner,99
2017-03-03,remoaner,98
2017-03-04,remoaner,87
2017-03-05,remoaner,73
2017-03-06,remoaner,82
2017-03-07,remoaner,78
2017-03-08,remoaner,84
2017-03-09,remoaner,84
2017-03-10,remoaner,90
2017-03-11,remoaner,89
2017-03-12,remoaner,83
2017-03-13,remoaner,101
2017-03-14,remoaner,116
2017-03-15,remoaner,99
2017-03-16,remoaner,89
2017-03-17,remoaner,100
2017-03-18,remoaner,105
2017-03-19,remoaner,91
2017-03-20,remoaner,91
2017-03-21,remoaner,75
2017-03-22,remoaner,76
2017-03-23,remoaner,94
2017-03-24,remoaner,81
2017-03-25,remoaner,71
2017-03-26,remoaner,95
2017-03-27,remoaner,99
2017-03-28,remoaner,84
2017-03-29,remoaner,119
2017-03-30,remoaner,107
2017-03-31,remoaner,110
2017-04-01,remoaner,77
2017-04-02,remoaner,85
2017-04-03,remoaner,60
2017-04-04,remoaner,90
2017-04-05,remoaner,96
2017-04-06,remoaner,113
2017-04-07,remoaner,121
2017-04-08,remoaner,73
2017-04-09,remoaner,65
2017-04-10,remoaner,79
2017-04-11,remoaner,87
2017-04-12,remoaner,87
2017-04-13,remoaner,77
2017-04-14,remoaner,74
2017-04-15,remoaner,65
2017-04-16,remoaner,76
2017-04-17,remoaner,81
2017-04-18,remoaner,97
2017-04-19,remoaner,120
2017-04-20,remoaner,99
2017-04-21,remoaner,113
2017-04-22,remoaner,93
2017-04-23,remoaner,88
2017-04-24,remoaner,105
2017-04-25,remoaner,87
2017-04-26,remoaner,90
2017-04-27,remoaner,82
2017-04-28,remoaner,99
2017-04-29,remoaner,91
2017-04-30,remoaner,78
2017-05-01,remoaner,97
2017-05-02,remoaner,74
2017-05-03,remoaner,95
2017-05-04,remoaner,95
2017-05-05,remoaner,109
2017-05-06,remoaner,83
2017-05-07,remoaner,69
2017-05-08,remoaner,91
2017-05-09,remoaner,80
2017-05-10,remoaner,86
2017-05-11,remoaner,71
2017-05-12,remoaner,88
2017-05-13,remoaner,95
2017-05-14,remoaner,102
2017-05-15,remoaner,91
2017-05-16,remoaner,90
2017-05-17,remoaner,103
2017-05-18,remoaner,74
2017-05-19,remoaner,72
2017-05-20,remoaner,76
2017-05-21,remoaner,63
2017-05-22,remoaner,64
2017-05-23,remoaner,49
2017-05-24,remoaner,31
2017-05-25,remoaner,40
2017-05-26,remoaner,70
2017-05-27,remoaner,60
2017-05-28,remoaner,30
2017-05-29,remoaner,50
2017-05-30,remoaner,77
2017-05-31,remoaner,83
2017-06-01,remoaner,104
2017-06-02,remoaner,78
2017-06-03,remoaner,99
2017-06-04,remoaner,57
2017-06-05,remoaner,71
2017-06-06,remoaner,80
2017-06-07,remoaner,83
2017-06-08,remoaner,104
2017-06-09,remoaner,118
2017-06-10,remoaner,91
2017-06-11,remoaner,76
2017-06-12,remoaner,69
2017-06-13,remoaner,103
2017-06-14,remoaner,98
2017-06-15,remoaner,96
2017-06-16,remoaner,79
2017-06-17,remoaner,85
2017-06-18,remoaner,105
2017-06-19,remoaner,95
2017-06-20,remoaner,83
2017-06-21,remoaner,95
2017-06-22,remoaner,109
2017-06-23,remoaner,101
2017-06-24,remoaner,101
2017-06-25,remoaner,93
2017-06-26,remoaner,92
2017-06-27,remoaner,87
2017-06-28,remoaner,109
2017-06-29,remoaner,108
2017-06-30,remoaner,95
2017-07-01,remoaner,101
2017-07-02,remoaner,104
2017-07-03,remoaner,102
2017-07-04,remoaner,80
2017-07-05,remoaner,93
2017-07-06,remoaner,83
2017-07-07,remoaner,93
2017-07-08,remoaner,101
2017-07-09,remoaner,125
2017-07-10,remoaner,111
2017-07-11,remoaner,50
2017-07-12,remoaner,53
2017-07-13,remoaner,84
2017-07-14,remoaner,77
2017-07-15,remoaner,75
2017-07-16,remoaner,102
2017-07-17,remoaner,86
2017-07-18,remoaner,93
2017-07-19,remoaner,97
2017-07-20,remoaner,105
2017-07-21,remoaner,84
2017-07-22,remoaner,78
2017-07-23,remoaner,86
2017-07-24,remoaner,103
2017-07-25,remoaner,118
2017-07-26,remoaner,111
2017-07-27,remoaner,118
2017-07-28,remoaner,104
2017-07-29,remoaner,101
2017-07-30,remoaner,92
2017-07-31,remoaner,85
2017-08-01,remoaner,97
2017-08-02,remoaner,86
2017-08-03,remoaner,54
2017-08-04,remoaner,86
2017-08-05,remoaner,99
2017-08-06,remoaner,89
2017-08-07,remoaner,90
2017-08-08,remoaner,101
2017-08-09,remoaner,104
2017-08-10,remoaner,93
2017-08-11,remoaner,102
2017-08-12,remoaner,102
2017-08-13,remoaner,110
2017-08-14,remoaner,101
2017-08-15,remoaner,107
2017-08-16,remoaner,99
2017-08-17,remoaner,94
2017-08-18,remoaner,91
2017-08-19,remoaner,102
2017-08-20,remoaner,114
2017-08-21,remoaner,106
2017-08-22,remoaner,102
2017-08-23,remoaner,99
2017-08-24,remoaner,95
2017-08-25,remoaner,100
2017-08-26,remoaner,68
2017-08-27,remoaner,90
2017-08-28,remoaner,67
2017-08-29,remoaner,97
2017-08-30,remoaner,103
2017-08-31,remoaner,113
2017-09-01,remoaner,113
2017-09-02,remoaner,107
2017-09-03,remoaner,113
2017-09-04,remoaner,86
2017-09-05,remoaner,104
2017-09-06,remoaner,110
2017-09-07,remoaner,120
2017-09-08,remoaner,112
2017-09-09,remoaner,98
2017-09-10,remoaner,82
2017-09-11,remoaner,108
2017-09-12,remoaner,124
2017-09-13,remoaner,129
2017-09-14,remoaner,106
2017-09-15,remoaner,106
2017-09-16,remoaner,111
2017-09-17,remoaner,104
2017-09-18,remoaner,116
2017-09-19,remoaner,115
2017-09-20,remoaner,111
2017-09-21,remoaner,102
2017-09-22,remoaner,107
2017-09-23,remoaner,107
2017-09-24,remoaner,112
2017-09-25,remoaner,118
2017-09-26,remoaner,107
2017-09-27,remoaner,70
2017-09-28,remoaner,76
2017-09-29,remoaner,87
2017-09-30,remoaner,72
2017-10-01,remoaner,75
2017-10-02,remoaner,99
2017-10-03,remoaner,93
2017-10-04,remoaner,104
2017-10-05,remoaner,84
2017-10-06,remoaner,115
2017-10-07,remoaner,107
2017-10-08,remoaner,73
2017-10-09,remoaner,96
2017-10-10,remoaner,113
2017-10-11,remoaner,109
2017-10-12,remoaner,88
2017-10-13,remoaner,85
2017-10-14,remoaner,91
2017-10-15,remoaner,64
2017-10-16,remoaner,64
2017-10-17,remoaner,104
2017-10-18,remoaner,114
2017-10-19,remoaner,49
2017-10-20,remoaner,68
2017-10-21,remoaner,93
2017-10-22,remoaner,100
2017-10-23,remoaner,73
2017-10-24,remoaner,97
2017-10-25,remoaner,100
2017-10-26,remoaner,107
2017-10-27,remoaner,112
2017-10-28,remoaner,115
2017-10-29,remoaner,112
2017-10-30,remoaner,91
2017-10-31,remoaner,74
2017-11-01,remoaner,93
2017-11-02,remoaner,100
2017-11-03,remoaner,104
2017-11-04,remoaner,91
2017-11-05,remoaner,105
2017-11-06,remoaner,84
2017-11-07,remoaner,103
2017-11-08,remoaner,85
2017-11-09,remoaner,75
2017-11-10,remoaner,93
2017-11-11,remoaner,79
2017-11-12,remoaner,85
2017-11-13,remoaner,82
2017-11-14,remoaner,69
2017-11-15,remoaner,50
2017-11-16,remoaner,51
2017-11-17,remoaner,73
2017-11-18,remoaner,47
2017-11-19,remoaner,52
2017-11-20,remoaner,51
2017-11-21,remoaner,29
2017-11-22,remoaner,19
2017-11-23,remoaner,45
2017-11-24,remoaner,63
2017-11-25,remoaner,49
2017-11-26,remoaner,74
2017-11-27,remoaner,71
2017-11-28,remoaner,56
2017-11-29,remoaner,56
2017-11-30,remoaner,38
2017-12-01,remoaner,32
2017-12-02,remoaner,55
2017-12-03,remoaner,60
2017-12-04,remoaner,70
2017-12-05,remoaner,56
2017-12-06,remoaner,63
2017-12-07,remoaner,81
2017-12-08,remoaner,63
2017-12-09,remoaner,43
2017-12-10,remoaner,81
2017-12-11,remoaner,88
2017-12-12,remoaner,92
2017-12-13,remoaner,64
2017-12-14,remoaner,46
2017-12-15,remoaner,60
2017-12-16,remoaner,78
2017-12-17,remoaner,85
2017-12-18,remoaner,55
2017-12-19,remoaner,22
2017-12-20,remoaner,43
2017-12-21,remoaner,67
2017-12-22,remoaner,91
2017-12-23,remoaner,103
2017-12-24,remoaner,79
2017-12-25,remoaner,85
2017-12-26,remoaner,89
2017-12-27,remoaner,85
2017-12-28,remoaner,80
2017-12-29,remoaner,85
2017-12-30,remoaner,83
2017-12-31,remoaner,69
2018-01-01,remoaner,85
2018-01-02,remoaner,76
2018-01-03,remoaner,33
2018-01-04,remoaner,66
2018-01-05,remoaner,84
2018-01-06,remoaner,79
2018-01-07,remoaner,54
2018-01-08,remoaner,99
2018-01-09,remoaner,75
2018-01-10,remoaner,74
2018-01-11,remoaner,91
2018-01-12,remoaner,100
2018-01-13,remoaner,84
2018-01-14,remoaner,86
2018-01-15,remoaner,84
2018-01-16,remoaner,98
2018-01-17,remoaner,104
2018-01-18,remoaner,72
2018-01-19,remoaner,69
2018-01-20,remoaner,60
2018-01-21,remoaner,27
2018-01-22,remoaner,33
2018-01-23,remoaner,79
2018-01-24,remoaner,78
2018-01-25,remoaner,44
2018-01-26,remoaner,75
2018-01-27,remoaner,84
2018-01-28,remoaner,86
2018-01-29,remoaner,71
2018-01-30,remoaner,57
2018-01-31,remoaner,83
2018-02-01,remoaner,78
2018-02-02,remoaner,46
2018-02-03,remoaner,34
2018-02-04,remoaner,41
2018-02-05,remoaner,58
2018-02-06,remoaner,38
2018-02-07,remoaner,32
2018-02-08,remoaner,54
2018-02-09,remoaner,50
2018-02-10,remoaner,55
2018-02-11,remoaner,48
2018-02-12,remoaner,27
2018-02-13,remoaner,42
2018-02-14,remoaner,47
2018-02-15,remoaner,82
2018-02-16,remoaner,53
2018-02-17,remoaner,36
2018-02-18,remoaner,54
2018-02-19,remoaner,30
2018-02-20,remoaner,31
2018-02-21,remoaner,52
2018-02-22,remoaner,46
2018-02-23,remoaner,44
2018-02-24,remoaner,62
2018-02-25,remoaner,66
2018-02-26,remoaner,69
2018-02-27,remoaner,61
2018-02-28,remoaner,65
2018-03-01,remoaner,46
2018-03-02,remoaner,68
2018-03-03,remoaner,62
2018-03-04,remoaner,62
2018-03-05,remoaner,64
2018-03-06,remoaner,53
2018-03-07,remoaner,80
2018-03-08,remoaner,67
2018-03-09,remoaner,84
2018-03-10,remoaner,67
2018-03-11,remoaner,62
2018-03-12,remoaner,68
2018-03-13,remoaner,73
2018-03-14,remoaner,34
2018-03-15,remoaner,51
2018-03-16,remoaner,76
2018-03-17,remoaner,78
2018-03-18,remoaner,68
2018-03-19,remoaner,59
2018-03-20,remoaner,65
2018-03-21,remoaner,75
2018-03-22,remoaner,77
2018-03-23,remoaner,66
2018-03-24,remoaner,64
2018-03-25,remoaner,66
2018-03-26,remoaner,60
2018-03-27,remoaner,56
2018-03-28,remoaner,51
2018-03-29,remoaner,44
2018-03-30,remoaner,51
2018-03-31,remoaner,44
2018-04-01,remoaner,29
2018-04-02,remoaner,51
2018-04-03,remoaner,58
2018-04-04,remoaner,68
2018-04-05,remoaner,39
2018-04-06,remoaner,46
2018-04-07,remoaner,25
2018-04-08,remoaner,47
2018-04-09,remoaner,48
2018-04-10,remoaner,47
2018-04-11,remoaner,57
2018-04-12,remoaner,49
2018-04-13,remoaner,54
2018-04-14,remoaner,53
2018-04-15,remoaner,43
2018-04-16,remoaner,67
2018-04-17,remoaner,96
2018-04-18,remoaner,97
2018-04-19,remoaner,68
2018-04-20,remoaner,78
2018-04-21,remoaner,59
2018-04-22,remoaner,75
2018-04-23,remoaner,60
2018-04-24,remoaner,62
2018-04-25,remoaner,76
2018-04-26,remoaner,50
2018-04-27,remoaner,62
2018-04-28,remoaner,72
2018-04-29,remoaner,81
2018-04-30,remoaner,89
2018-05-01,remoaner,69
2018-05-02,remoaner,69
2018-05-03,remoaner,73
2018-05-04,remoaner,106
2018-05-05,remoaner,57
2018-05-06,remoaner,63
2018-05-07,remoaner,49
2018-05-08,remoaner,65
2018-05-09,remoaner,50
2018-05-10,remoaner,73
2018-05-11,remoaner,90
2018-05-12,remoaner,92
2018-05-13,remoaner,100
2018-05-14,remoaner,78
2018-05-15,remoaner,78
2018-05-16,remoaner,88
2018-05-17,remoaner,100
2018-05-18,remoaner,90
2018-05-19,remoaner,59
2018-05-20,remoaner,56
2018-05-21,remoaner,50
2018-05-22,remoaner,60
2018-05-23,remoaner,71
2018-05-24,remoaner,64
2018-05-25,remoaner,67
2018-05-26,remoaner,81
2018-05-27,remoaner,56
2018-05-28,remoaner,45
2018-05-29,remoaner,69
2018-05-30,remoaner,68
2018-05-31,remoaner,42
2018-06-01,remoaner,43
2018-06-02,remoaner,29
2018-06-03,remoaner,63
2018-06-04,remoaner,80
2018-06-05,remoaner,60
2018-06-06,remoaner,83
2018-06-07,remoaner,70
2018-06-08,remoaner,95
2018-06-09,remoaner,77
2018-06-10,remoaner,66
2018-06-11,remoaner,53
2018-06-12,remoaner,72
2018-06-13,remoaner,68
2018-06-14,remoaner,64
2018-06-15,remoaner,65
2018-06-16,remoaner,75
2018-06-17,remoaner,80
2018-06-18,remoaner,68
2018-06-19,remoaner,56
2018-06-20,remoaner,76
2018-06-21,remoaner,77
2018-06-22,remoaner,80
2018-06-23,remoaner,80
2018-06-24,remoaner,91
2018-06-25,remoaner,65
2018-06-26,remoaner,75
2018-06-27,remoaner,83
2018-06-28,remoaner,63
2018-06-29,remoaner,79
2018-06-30,remoaner,55
2018-07-01,remoaner,45
2018-07-02,remoaner,73
2018-07-03,remoaner,39
2018-07-04,remoaner,66
2018-07-05,remoaner,75
2018-07-06,remoaner,50
2018-07-07,remoaner,73
2018-07-08,remoaner,45
2018-07-09,remoaner,79
2018-07-10,remoaner,86
2018-07-11,remoaner,95
2018-07-12,remoaner,77
2018-07-13,remoaner,59
2018-07-14,remoaner,41
2018-07-15,remoaner,16
2018-07-16,remoaner,37
2018-07-17,remoaner,35
2018-07-18,remoaner,33
2018-07-19,remoaner,52
2018-07-20,remoaner,51
2018-07-21,remoaner,42
2018-07-22,remoaner,47
2018-07-23,remoaner,65
2018-07-24,remoaner,53
2018-07-25,remoaner,52
2018-07-26,remoaner,66
2018-07-27,remoaner,71
2018-07-28,remoaner,58
2018-07-29,remoaner,75
2018-07-30,remoaner,59
2018-07-31,remoaner,60
2018-08-01,remoaner,66
2018-08-02,remoaner,61
2018-08-03,remoaner,61
2018-08-04,remoaner,52
2018-08-05,remoaner,59
2018-08-06,remoaner,68
2018-08-07,remoaner,50
2018-08-08,remoaner,80
2018-08-09,remoaner,90
2018-08-10,remoaner,43
2018-08-11,remoaner,59
2018-08-12,remoaner,35
2018-08-13,remoaner,39
2018-08-14,remoaner,41
2018-08-15,remoaner,52
2018-08-16,remoaner,58
2018-08-17,remoaner,77
2018-08-18,remoaner,78
2018-08-19,remoaner,69
2018-08-20,remoaner,48
2018-08-21,remoaner,51
2018-08-22,remoaner,63
2018-08-23,remoaner,77
2018-08-24,remoaner,60
2018-08-25,remoaner,69
2018-08-26,remoaner,60
2018-08-27,remoaner,38
2018-08-28,remoaner,55
2018-08-29,remoaner,66
2018-08-30,remoaner,68
2018-08-31,remoaner,42
2018-09-01,remoaner,39
2018-09-02,remoaner,64
2018-09-03,remoaner,65
2018-09-04,remoaner,47
2018-09-05,remoaner,61
2018-09-06,remoaner,62
2018-09-07,remoaner,75
2018-09-08,remoaner,87
2018-09-09,remoaner,79
2018-09-10,remoaner,55
2018-09-11,remoaner,48
2018-09-12,remoaner,53
2018-09-13,remoaner,52
2018-09-14,remoaner,73
2018-09-15,remoaner,66
2018-09-16,remoaner,54
2018-09-17,remoaner,64
2018-09-18,remoaner,39
2018-09-19,remoaner,64
2018-09-20,remoaner,69
2018-09-21,remoaner,56
2018-09-22,remoaner,56
2018-09-23,remoaner,53
2018-09-24,remoaner,67
2018-09-25,remoaner,65
2018-09-26,remoaner,86
2018-09-27,remoaner,101
2018-09-28,remoaner,53
2018-09-29,remoaner,71
2018-09-30,remoaner,67
2018-10-01,remoaner,56
2018-10-02,remoaner,60
2018-10-03,remoaner,70
2018-10-04,remoaner,84
2018-10-05,remoaner,80
2018-10-06,remoaner,77
2018-10-07,remoaner,80
2018-10-08,remoaner,74
2018-10-09,remoaner,88
2018-10-10,remoaner,87
2018-10-11,remoaner,61
2018-10-12,remoaner,70
2018-10-13,remoaner,63
2018-10-14,remoaner,74
2018-10-15,remoaner,63
2018-10-16,remoaner,62
2018-10-17,remoaner,72
2018-10-18,remoaner,58
2018-10-19,remoaner,48
2018-10-20,remoaner,70
2018-10-21,remoaner,79
2018-10-22,remoaner,74
2018-10-23,remoaner,84
2018-10-24,remoaner,77
2018-10-25,remoaner,70
2018-10-26,remoaner,92
2018-10-27,remoaner,96
2018-10-28,remoaner,84
2018-10-29,remoaner,68
2018-10-30,remoaner,82
2018-10-31,remoaner,81
2018-11-01,remoaner,92
2018-11-02,remoaner,89
2018-11-03,remoaner,93
2018-11-04,remoaner,58
2018-11-05,remoaner,46
2018-11-06,remoaner,24
2018-11-07,remoaner,39
2018-11-08,remoaner,30
2018-11-09,remoaner,46
2018-11-10,remoaner,32
2018-11-11,remoaner,41
2018-11-12,remoaner,38
2018-11-13,remoaner,57
2018-11-14,remoaner,66
2018-11-15,remoaner,51
2018-11-16,remoaner,66
2018-11-17,remoaner,51
2018-11-18,remoaner,60
2018-11-19,remoaner,57
2018-11-20,remoaner,90
2018-11-21,remoaner,94
2018-11-22,remoaner,82
2018-11-23,remoaner,73
2018-11-24,remoaner,62
2018-11-25,remoaner,93
2018-11-26,remoaner,106
2018-11-27,remoaner,69
2018-11-28,remoaner,65
2018-11-29,remoaner,84
2018-11-30,remoaner,68
2018-12-01,remoaner,79
2018-12-02,remoaner,80
2018-12-03,remoaner,87
2018-12-04,remoaner,84
2018-12-05,remoaner,65
2018-12-06,remoaner,81
2018-12-07,remoaner,100
2018-12-08,remoaner,75
2018-12-09,remoaner,67
2018-12-10,remoaner,75
2018-12-11,remoaner,86
2018-12-12,remoaner,57
2018-12-13,remoaner,54
2018-12-14,remoaner,75
2018-12-15,remoaner,73
2018-12-16,remoaner,80
2018-12-17,remoaner,93
2018-12-18,remoaner,84
2018-12-19,remoaner,76
2018-12-20,remoaner,88
2018-12-21,remoaner,82
2018-12-22,remoaner,95
2018-12-23,remoaner,87
2018-12-24,remoaner,85
2018-12-25,remoaner,102
2018-12-26,remoaner,82
2018-12-27,remoaner,59
2018-12-28,remoaner,99
2018-12-29,remoaner,88
2018-12-30,remoaner,67
2018-12-31,remoaner,77
2019-01-01,remoaner,59
2019-01-02,remoaner,94
2019-01-03,remoaner,84
2019-01-04,remoaner,66
2019-01-05,remoaner,70
2019-01-06,remoaner,62
2019-01-07,remoaner,42
2019-01-08,remoaner,79
2019-01-09,remoaner,86
2019-01-10,remoaner,77
2019-01-11,remoaner,89
2019-01-12,remoaner,96
2019-01-13,remoaner,109
2019-01-14,remoaner,72
2019-01-15,remoaner,81
2019-01-16,remoaner,102
2019-01-17,remoaner,85
2019-01-18,remoaner,77
2019-01-19,remoaner,91
2019-01-20,remoaner,103
2019-01-21,remoaner,73
2019-01-22,remoaner,66
2019-01-23,remoaner,71
2019-01-24,remoaner,74
2019-01-25,remoaner,79
2019-01-26,remoaner,85
2019-01-27,remoaner,69
2019-01-28,remoaner,84
2019-01-29,remoaner,94
2019-01-30,remoaner,81
2019-01-31,remoaner,49
2019-02-01,remoaner,67
2019-02-02,remoaner,68
2019-02-03,remoaner,78
2019-02-04,remoaner,76
2019-02-05,remoaner,89
2019-02-06,remoaner,59
2019-02-07,remoaner,55
2019-02-08,remoaner,54
2019-02-09,remoaner,72
2019-02-10,remoaner,71
2019-02-11,remoaner,81
2019-02-12,remoaner,82
2019-02-13,remoaner,50
NA,remoaner,177
